method,walk,t,s,v
Euler-Maruyama,0,0,100,0.04
Euler-Maruyama,0,0.001,100.069,0.0397171
Euler-Maruyama,0,0.002,99.3832,0.039712
Euler-Maruyama,0,0.003,99.2615,0.0384802
Euler-Maruyama,0,0.004,99.6776,0.0348693
Euler-Maruyama,0,0.005,99.8281,0.0348193
Euler-Maruyama,0,0.006,100.931,0.0350091
Euler-Maruyama,0,0.007,100.654,0.0334874
Euler-Maruyama,0,0.008,100.931,0.0353834
Euler-Maruyama,0,0.009,100.838,0.036504
Euler-Maruyama,0,0.01,99.9453,0.0373747
Euler-Maruyama,0,0.011,100.139,0.0374774
Euler-Maruyama,0,0.012,100.39,0.0423356
Euler-Maruyama,0,0.013,99.7312,0.042787
Euler-Maruyama,0,0.014,99.6663,0.0432552
Euler-Maruyama,0,0.015,100.151,0.0431096
Euler-Maruyama,0,0.016,99.9704,0.0431155
Euler-Maruyama,0,0.017,100.936,0.040977
Euler-Maruyama,0,0.018,100.723,0.0378237
Euler-Maruyama,0,0.019,101.348,0.0341708
Euler-Maruyama,0,0.02,101.605,0.0338287
Euler-Maruyama,0,0.021,102.373,0.0333627
Euler-Maruyama,0,0.022,102.531,0.0306111
Euler-Maruyama,0,0.023,102.127,0.029256
Euler-Maruyama,0,0.024,102.609,0.0332017
Euler-Maruyama,0,0.025,103.282,0.0328221
Euler-Maruyama,0,0.026,102.234,0.0311128
Euler-Maruyama,0,0.027,101.844,0.0331539
Euler-Maruyama,0,0.028,101.652,0.0314459
Euler-Maruyama,0,0.029,101.695,0.0305968
Euler-Maruyama,0,0.03,101.67,0.0288982
Euler-Maruyama,0,0.031,102.279,0.0310157
Euler-Maruyama,0,0.032,101.87,0.0289321
Euler-Maruyama,0,0.033,102.155,0.0315955
Euler-Maruyama,0,0.034,102.002,0.0343975
Euler-Maruyama,0,0.035,101.069,0.0326397
Euler-Maruyama,0,0.036,99.923,0.0317515
Euler-Maruyama,0,0.037,100.655,0.0314923
Euler-Maruyama,0,0.038,100.457,0.0295668
Euler-Maruyama,0,0.039,100.584,0.0301668
Euler-Maruyama,0,0.04,100.745,0.0299996
Euler-Maruyama,0,0.041,100.603,0.0338623
Euler-Maruyama,0,0.042,101.124,0.0358879
Euler-Maruyama,0,0.043,101.076,0.0347268
Euler-Maruyama,0,0.044,101.305,0.0328819
Euler-Maruyama,0,0.045,101.642,0.0328874
Euler-Maruyama,0,0.046,101.155,0.0311754
Euler-Maruyama,0,0.047,101.156,0.0318987
Euler-Maruyama,0,0.048,101.403,0.0324881
Euler-Maruyama,0,0.049,101.259,0.0355378
Euler-Maruyama,0,0.05,100.261,0.035933
Euler-Maruyama,0,0.051,100.211,0.0362832
Euler-Maruyama,0,0.052,99.2828,0.0371942
Euler-Maruyama,0,0.053,99.7059,0.0432106
Euler-Maruyama,0,0.054,100.795,0.0390163
Euler-Maruyama,0,0.055,100.323,0.0385276
Euler-Maruyama,0,0.056,100.785,0.036211
Euler-Maruyama,0,0.057,100.569,0.0353627
Euler-Maruyama,0,0.058,100.733,0.0359979
Euler-Maruyama,0,0.059,99.8502,0.0347507
Euler-Maruyama,0,0.06,100.1,0.0340903
Euler-Maruyama,0,0.061,100.73,0.0303207
Euler-Maruyama,0,0.062,100.653,0.0317249
Euler-Maruyama,0,0.063,101.193,0.0330257
Euler-Maruyama,0,0.064,100.803,0.0339601
Euler-Maruyama,0,0.065,101.933,0.0348678
Euler-Maruyama,0,0.066,102.338,0.0333134
Euler-Maruyama,0,0.067,102.898,0.0331258
Euler-Maruyama,0,0.068,102.906,0.0331
Euler-Maruyama,0,0.069,102.678,0.0312712
Euler-Maruyama,0,0.07,102.099,0.030519
Euler-Maruyama,0,0.071,102.518,0.0311075
Euler-Maruyama,0,0.072,103.024,0.032079
Euler-Maruyama,0,0.073,103.903,0.0284156
Euler-Maruyama,0,0.074,105.452,0.0293362
Euler-Maruyama,0,0.075,105.687,0.0304466
Euler-Maruyama,0,0.076,105.605,0.02567
Euler-Maruyama,0,0.077,104.704,0.025893
Euler-Maruyama,0,0.078,103.372,0.026644
Euler-Maruyama,0,0.079,102.772,0.0260391
Euler-Maruyama,0,0.08,102.987,0.0248526
Euler-Maruyama,0,0.081,103.048,0.0263649
Euler-Maruyama,0,0.082,102.592,0.0254751
Euler-Maruyama,0,0.083,102.756,0.0252996
Euler-Maruyama,0,0.084,103.437,0.0260813
Euler-Maruyama,0,0.085,102.661,0.0287554
Euler-Maruyama,0,0.086,102.596,0.0289108
Euler-Maruyama,0,0.087,102.447,0.0261379
Euler-Maruyama,0,0.088,101.89,0.0256059
Euler-Maruyama,0,0.089,101.401,0.023255
Euler-Maruyama,0,0.09,100.769,0.0233516
Euler-Maruyama,0,0.091,101.079,0.0235544
Euler-Maruyama,0,0.092,101.068,0.0229129
Euler-Maruyama,0,0.093,101.921,0.022651
Euler-Maruyama,0,0.094,101.713,0.0235389
Euler-Maruyama,0,0.095,102.281,0.023506
Euler-Maruyama,0,0.096,102.203,0.0242773
Euler-Maruyama,0,0.097,102.953,0.0242956
Euler-Maruyama,0,0.098,102.8,0.0250575
Euler-Maruyama,0,0.099,103.666,0.0275837
Euler-Maruyama,0,0.1,102.923,0.0273637
Euler-Maruyama,0,0.101,103.428,0.0277596
Euler-Maruyama,0,0.102,103.196,0.0263065
Euler-Maruyama,0,0.103,102.608,0.0234194
Euler-Maruyama,0,0.104,102.118,0.0246044
Euler-Maruyama,0,0.105,101.743,0.0233566
Euler-Maruyama,0,0.106,102.298,0.0256683
Euler-Maruyama,0,0.107,102.151,0.0243595
Euler-Maruyama,0,0.108,102.291,0.0248511
Euler-Maruyama,0,0.109,102.095,0.0241031
Euler-Maruyama,0,0.11,102.702,0.023493
Euler-Maruyama,0,0.111,101.826,0.0226263
Euler-Maruyama,0,0.112,101.602,0.0217108
Euler-Maruyama,0,0.113,101.628,0.0227966
Euler-Maruyama,0,0.114,100.564,0.0219591
Euler-Maruyama,0,0.115,100.43,0.022532
Euler-Maruyama,0,0.116,101.066,0.021214
Euler-Maruyama,0,0.117,100.763,0.0187729
Euler-Maruyama,0,0.118,100.606,0.0207028
Euler-Maruyama,0,0.119,100.736,0.0188581
Euler-Maruyama,0,0.12,100.828,0.0211864
Euler-Maruyama,0,0.121,101.276,0.0219701
Euler-Maruyama,0,0.122,101.016,0.0234349
Euler-Maruyama,0,0.123,101.086,0.0237177
Euler-Maruyama,0,0.124,101.146,0.0237706
Euler-Maruyama,0,0.125,101.057,0.0237082
Euler-Maruyama,0,0.126,100.528,0.0210947
Euler-Maruyama,0,0.127,100.649,0.0220625
Euler-Maruyama,0,0.128,99.3951,0.0233458
Euler-Maruyama,0,0.129,99.1002,0.0218719
Euler-Maruyama,0,0.13,99.509,0.0226388
Euler-Maruyama,0,0.131,99.7837,0.0250787
Euler-Maruyama,0,0.132,99.6856,0.0255687
Euler-Maruyama,0,0.133,99.7458,0.0263052
Euler-Maruyama,0,0.134,100.34,0.0269124
Euler-Maruyama,0,0.135,100.271,0.0292248
Euler-Maruyama,0,0.136,99.8033,0.0329103
Euler-Maruyama,0,0.137,99.6276,0.0347248
Euler-Maruyama,0,0.138,99.1551,0.0353376
Euler-Maruyama,0,0.139,99.1352,0.034829
Euler-Maruyama,0,0.14,99.2026,0.0340359
Euler-Maruyama,0,0.141,98.8175,0.0310318
Euler-Maruyama,0,0.142,98.433,0.0295189
Euler-Maruyama,0,0.143,98.0317,0.0291628
Euler-Maruyama,0,0.144,97.8024,0.0262368
Euler-Maruyama,0,0.145,97.6243,0.0265054
Euler-Maruyama,0,0.146,97.8364,0.0289779
Euler-Maruyama,0,0.147,98.4972,0.0282076
Euler-Maruyama,0,0.148,99.3626,0.028406
Euler-Maruyama,0,0.149,99.443,0.0297708
Euler-Maruyama,0,0.15,98.6819,0.0291501
Euler-Maruyama,0,0.151,97.9465,0.0294527
Euler-Maruyama,0,0.152,97.8283,0.0319473
Euler-Maruyama,0,0.153,98.8048,0.0316729
Euler-Maruyama,0,0.154,98.7917,0.0311105
Euler-Maruyama,0,0.155,98.7804,0.0355139
Euler-Maruyama,0,0.156,98.1048,0.0373422
Euler-Maruyama,0,0.157,98.1083,0.0365188
Euler-Maruyama,0,0.158,97.3867,0.0388445
Euler-Maruyama,0,0.159,97.3068,0.0377735
Euler-Maruyama,0,0.16,97.6415,0.037273
Euler-Maruyama,0,0.161,97.2438,0.0361476
Euler-Maruyama,0,0.162,96.0778,0.0377755
Euler-Maruyama,0,0.163,95.1968,0.0404713
Euler-Maruyama,0,0.164,94.6241,0.0382962
Euler-Maruyama,0,0.165,95.0026,0.0405565
Euler-Maruyama,0,0.166,94.9887,0.0393099
Euler-Maruyama,0,0.167,94.8027,0.0443419
Euler-Maruyama,0,0.168,94.5336,0.0430411
Euler-Maruyama,0,0.169,94.0865,0.0413535
Euler-Maruyama,0,0.17,94.0953,0.0408734
Euler-Maruyama,0,0.171,94.4979,0.0427493
Euler-Maruyama,0,0.172,95.1313,0.0424746
Euler-Maruyama,0,0.173,95.4112,0.0440957
Euler-Maruyama,0,0.174,94.6194,0.0434456
Euler-Maruyama,0,0.175,93.5511,0.0381346
Euler-Maruyama,0,0.176,94.5791,0.0382097
Euler-Maruyama,0,0.177,93.8166,0.0356845
Euler-Maruyama,0,0.178,94.6643,0.0368175
Euler-Maruyama,0,0.179,95.5137,0.0355743
Euler-Maruyama,0,0.18,96.2687,0.0344666
Euler-Maruyama,0,0.181,96.1821,0.0342605
Euler-Maruyama,0,0.182,95.385,0.036909
Euler-Maruyama,0,0.183,96.2473,0.0398797
Euler-Maruyama,0,0.184,95.2462,0.0384503
Euler-Maruyama,0,0.185,96.4117,0.0399107
Euler-Maruyama,0,0.186,97.435,0.0393416
Euler-Maruyama,0,0.187,97.1509,0.0400651
Euler-Maruyama,0,0.188,96.8209,0.0376951
Euler-Maruyama,0,0.189,96.6093,0.0379517
Euler-Maruyama,0,0.19,96.4701,0.0348692
Euler-Maruyama,0,0.191,96.2625,0.0309386
Euler-Maruyama,0,0.192,95.6413,0.0322757
Euler-Maruyama,0,0.193,94.8296,0.034362
Euler-Maruyama,0,0.194,94.0015,0.0341073
Euler-Maruyama,0,0.195,92.3635,0.0339278
Euler-Maruyama,0,0.196,93.5704,0.0354503
Euler-Maruyama,0,0.197,93.3718,0.0361472
Euler-Maruyama,0,0.198,94.2149,0.0357276
Euler-Maruyama,0,0.199,94.8285,0.0363524
Euler-Maruyama,0,0.2,95.4288,0.0396718
Euler-Maruyama,0,0.201,94.7357,0.0423192
Euler-Maruyama,0,0.202,95.1482,0.0414431
Euler-Maruyama,0,0.203,95.3244,0.0441454
Euler-Maruyama,0,0.204,95.4876,0.0440794
Euler-Maruyama,0,0.205,95.7435,0.0421631
Euler-Maruyama,0,0.206,96.2446,0.0414828
Euler-Maruyama,0,0.207,95.973,0.0403773
Euler-Maruyama,0,0.208,96.1068,0.0392974
Euler-Maruyama,0,0.209,95.0048,0.0406088
Euler-Maruyama,0,0.21,94.642,0.0409964
Euler-Maruyama,0,0.211,94.7913,0.0429346
Euler-Maruyama,0,0.212,94.1868,0.0401886
Euler-Maruyama,0,0.213,93.4151,0.0411804
Euler-Maruyama,0,0.214,93.3505,0.043235
Euler-Maruyama,0,0.215,93.8777,0.0460441
Euler-Maruyama,0,0.216,95.284,0.044886
Euler-Maruyama,0,0.217,95.4962,0.0446969
Euler-Maruyama,0,0.218,96.1775,0.0433803
Euler-Maruyama,0,0.219,96.9201,0.0446678
Euler-Maruyama,0,0.22,95.9273,0.0471368
Euler-Maruyama,0,0.221,95.7888,0.0460395
Euler-Maruyama,0,0.222,95.2055,0.0495278
Euler-Maruyama,0,0.223,94.8348,0.0473667
Euler-Maruyama,0,0.224,94.6957,0.0469478
Euler-Maruyama,0,0.225,95.0838,0.0442149
Euler-Maruyama,0,0.226,94.7176,0.0452058
Euler-Maruyama,0,0.227,93.6993,0.0427126
Euler-Maruyama,0,0.228,93.297,0.0398452
Euler-Maruyama,0,0.229,93.7009,0.0372595
Euler-Maruyama,0,0.23,93.5361,0.0397366
Euler-Maruyama,0,0.231,94.3587,0.0371844
Euler-Maruyama,0,0.232,93.9877,0.0372832
Euler-Maruyama,0,0.233,94.4897,0.0379057
Euler-Maruyama,0,0.234,94.0144,0.035993
Euler-Maruyama,0,0.235,93.9242,0.037829
Euler-Maruyama,0,0.236,93.8,0.0368344
Euler-Maruyama,0,0.237,94.7591,0.037551
Euler-Maruyama,0,0.238,95.9784,0.037801
Euler-Maruyama,0,0.239,95.9343,0.0358702
Euler-Maruyama,0,0.24,96.0374,0.0360337
Euler-Maruyama,0,0.241,96.7632,0.0354146
Euler-Maruyama,0,0.242,97.2649,0.0335451
Euler-Maruyama,0,0.243,96.3152,0.0311815
Euler-Maruyama,0,0.244,96.3101,0.0314124
Euler-Maruyama,0,0.245,96.0283,0.0320038
Euler-Maruyama,0,0.246,95.6796,0.0324775
Euler-Maruyama,0,0.247,95.2419,0.0358548
Euler-Maruyama,0,0.248,95.6454,0.0358652
Euler-Maruyama,0,0.249,96.2855,0.0386074
Euler-Maruyama,0,0.25,96.5494,0.037253
Euler-Maruyama,0,0.251,95.9626,0.037981
Euler-Maruyama,0,0.252,94.9672,0.039837
Euler-Maruyama,0,0.253,95.1632,0.0357886
Euler-Maruyama,0,0.254,94.2857,0.0388183
Euler-Maruyama,0,0.255,94.4222,0.0375964
Euler-Maruyama,0,0.256,95.3111,0.0382034
Euler-Maruyama,0,0.257,95.0113,0.0405983
Euler-Maruyama,0,0.258,94.9187,0.0433525
Euler-Maruyama,0,0.259,95.2209,0.0451356
Euler-Maruyama,0,0.26,94.8601,0.0454587
Euler-Maruyama,0,0.261,94.2718,0.0474051
Euler-Maruyama,0,0.262,93.7712,0.046111
Euler-Maruyama,0,0.263,94.6382,0.0444192
Euler-Maruyama,0,0.264,94.909,0.0436268
Euler-Maruyama,0,0.265,94.4442,0.0444956
Euler-Maruyama,0,0.266,94.4665,0.0444163
Euler-Maruyama,0,0.267,95.4795,0.044663
Euler-Maruyama,0,0.268,95.154,0.0445835
Euler-Maruyama,0,0.269,95.8771,0.044936
Euler-Maruyama,0,0.27,95.8354,0.047895
Euler-Maruyama,0,0.271,95.6512,0.0495382
Euler-Maruyama,0,0.272,96.0477,0.0480988
Euler-Maruyama,0,0.273,95.4843,0.0488323
Euler-Maruyama,0,0.274,95.8968,0.0474887
Euler-Maruyama,0,0.275,94.7797,0.0477154
Euler-Maruyama,0,0.276,94.1397,0.0472669
Euler-Maruyama,0,0.277,93.9246,0.0475899
Euler-Maruyama,0,0.278,95.1912,0.0498586
Euler-Maruyama,0,0.279,94.816,0.0501918
Euler-Maruyama,0,0.28,94.6263,0.0469667
Euler-Maruyama,0,0.281,95.5227,0.0454385
Euler-Maruyama,0,0.282,96.5632,0.0450881
Euler-Maruyama,0,0.283,95.7042,0.0446213
Euler-Maruyama,0,0.284,94.6998,0.0442402
Euler-Maruyama,0,0.285,95.2573,0.0435067
Euler-Maruyama,0,0.286,96.1724,0.0456662
Euler-Maruyama,0,0.287,95.9671,0.0451946
Euler-Maruyama,0,0.288,96.793,0.0493865
Euler-Maruyama,0,0.289,97.3962,0.0496047
Euler-Maruyama,0,0.29,98.2124,0.0465206
Euler-Maruyama,0,0.291,97.8697,0.0460718
Euler-Maruyama,0,0.292,97.5474,0.0432121
Euler-Maruyama,0,0.293,97.3927,0.043823
Euler-Maruyama,0,0.294,97.3135,0.0433391
Euler-Maruyama,0,0.295,96.8557,0.0462644
Euler-Maruyama,0,0.296,97.9041,0.0440519
Euler-Maruyama,0,0.297,97.8659,0.0452641
Euler-Maruyama,0,0.298,96.7143,0.0483413
Euler-Maruyama,0,0.299,96.8216,0.0508841
Euler-Maruyama,0,0.3,96.2726,0.0507269
Euler-Maruyama,0,0.301,95.9089,0.0506197
Euler-Maruyama,0,0.302,96.1145,0.0499588
Euler-Maruyama,0,0.303,95.3743,0.0503879
Euler-Maruyama,0,0.304,94.9923,0.0488571
Euler-Maruyama,0,0.305,95.7327,0.0464685
Euler-Maruyama,0,0.306,94.8963,0.0467261
Euler-Maruyama,0,0.307,94.2414,0.0468744
Euler-Maruyama,0,0.308,94.7725,0.046154
Euler-Maruyama,0,0.309,94.635,0.0454579
Euler-Maruyama,0,0.31,93.1944,0.0434502
Euler-Maruyama,0,0.311,93.033,0.0460051
Euler-Maruyama,0,0.312,92.4755,0.0450544
Euler-Maruyama,0,0.313,92.2538,0.0485295
Euler-Maruyama,0,0.314,92.5968,0.0472143
Euler-Maruyama,0,0.315,93.4806,0.0474239
Euler-Maruyama,0,0.316,94.1915,0.0505985
Euler-Maruyama,0,0.317,94.3698,0.0504799
Euler-Maruyama,0,0.318,94.4759,0.0488033
Euler-Maruyama,0,0.319,94.9032,0.0470093
Euler-Maruyama,0,0.32,95.469,0.046276
Euler-Maruyama,0,0.321,95.0228,0.0472387
Euler-Maruyama,0,0.322,94.7291,0.0437659
Euler-Maruyama,0,0.323,94.0146,0.0442514
Euler-Maruyama,0,0.324,94.0908,0.0445437
Euler-Maruyama,0,0.325,93.7956,0.0422466
Euler-Maruyama,0,0.326,94.5516,0.0389454
Euler-Maruyama,0,0.327,95.1889,0.0360579
Euler-Maruyama,0,0.328,94.8925,0.034925
Euler-Maruyama,0,0.329,95.5333,0.0331223
Euler-Maruyama,0,0.33,95.8164,0.0326168
Euler-Maruyama,0,0.331,95.287,0.0311831
Euler-Maruyama,0,0.332,94.9524,0.0317613
Euler-Maruyama,0,0.333,94.5301,0.0304638
Euler-Maruyama,0,0.334,94.6009,0.0301287
Euler-Maruyama,0,0.335,94.456,0.0288017
Euler-Maruyama,0,0.336,94.5949,0.0295101
Euler-Maruyama,0,0.337,94.5504,0.0310188
Euler-Maruyama,0,0.338,94.4241,0.0344556
Euler-Maruyama,0,0.339,94.2868,0.0334096
Euler-Maruyama,0,0.34,94.9015,0.0316976
Euler-Maruyama,0,0.341,93.9376,0.0312997
Euler-Maruyama,0,0.342,93.5225,0.0320856
Euler-Maruyama,0,0.343,93.7177,0.0325712
Euler-Maruyama,0,0.344,93.9272,0.0312853
Euler-Maruyama,0,0.345,93.5959,0.0333452
Euler-Maruyama,0,0.346,93.1804,0.0362233
Euler-Maruyama,0,0.347,93.4014,0.0340693
Euler-Maruyama,0,0.348,93.4393,0.0331449
Euler-Maruyama,0,0.349,92.56,0.0334581
Euler-Maruyama,0,0.35,92.0784,0.0358105
Euler-Maruyama,0,0.351,92.2163,0.0344535
Euler-Maruyama,0,0.352,92.0501,0.0374619
Euler-Maruyama,0,0.353,92.6812,0.0365063
Euler-Maruyama,0,0.354,93.3206,0.037392
Euler-Maruyama,0,0.355,92.5997,0.036817
Euler-Maruyama,0,0.356,93.3134,0.0351931
Euler-Maruyama,0,0.357,93.8374,0.0336389
Euler-Maruyama,0,0.358,93.456,0.0349716
Euler-Maruyama,0,0.359,93.6502,0.0346537
Euler-Maruyama,0,0.36,93.834,0.0300702
Euler-Maruyama,0,0.361,92.6524,0.0282791
Euler-Maruyama,0,0.362,93.3625,0.0249071
Euler-Maruyama,0,0.363,93.3075,0.025093
Euler-Maruyama,0,0.364,93.5742,0.0270222
Euler-Maruyama,0,0.365,93.9699,0.0275671
Euler-Maruyama,0,0.366,93.1478,0.0254859
Euler-Maruyama,0,0.367,92.7283,0.0261125
Euler-Maruyama,0,0.368,92.9908,0.0256836
Euler-Maruyama,0,0.369,92.2898,0.0255848
Euler-Maruyama,0,0.37,92.4405,0.0268721
Euler-Maruyama,0,0.371,91.7535,0.0239917
Euler-Maruyama,0,0.372,91.5977,0.0226555
Euler-Maruyama,0,0.373,91.5315,0.0247082
Euler-Maruyama,0,0.374,92.0106,0.0230957
Euler-Maruyama,0,0.375,91.8266,0.0249501
Euler-Maruyama,0,0.376,91.8924,0.0242506
Euler-Maruyama,0,0.377,91.2239,0.0233015
Euler-Maruyama,0,0.378,91.2185,0.0237006
Euler-Maruyama,0,0.379,90.5735,0.0257833
Euler-Maruyama,0,0.38,90.9023,0.0276937
Euler-Maruyama,0,0.381,90.5534,0.0231384
Euler-Maruyama,0,0.382,90.3252,0.0217627
Euler-Maruyama,0,0.383,90.4862,0.0215603
Euler-Maruyama,0,0.384,90.8016,0.0230008
Euler-Maruyama,0,0.385,90.2512,0.021777
Euler-Maruyama,0,0.386,90.4358,0.0219368
Euler-Maruyama,0,0.387,89.9943,0.0189138
Euler-Maruyama,0,0.388,89.7092,0.0211355
Euler-Maruyama,0,0.389,89.7192,0.0195405
Euler-Maruyama,0,0.39,89.3401,0.0196317
Euler-Maruyama,0,0.391,89.3859,0.0190895
Euler-Maruyama,0,0.392,89.3104,0.0174737
Euler-Maruyama,0,0.393,89.0841,0.0182847
Euler-Maruyama,0,0.394,89.1901,0.0194273
Euler-Maruyama,0,0.395,89.6558,0.0207263
Euler-Maruyama,0,0.396,88.9838,0.0187145
Euler-Maruyama,0,0.397,88.9799,0.017944
Euler-Maruyama,0,0.398,89.1462,0.0177198
Euler-Maruyama,0,0.399,89.6471,0.0193574
Euler-Maruyama,0,0.4,89.8387,0.0195205
Euler-Maruyama,0,0.401,90.4852,0.0186616
Euler-Maruyama,0,0.402,90.1696,0.0187036
Euler-Maruyama,0,0.403,89.9141,0.0197075
Euler-Maruyama,0,0.404,90.1494,0.0202353
Euler-Maruyama,0,0.405,90.4079,0.0202281
Euler-Maruyama,0,0.406,91.0858,0.0236813
Euler-Maruyama,0,0.407,90.8825,0.0226804
Euler-Maruyama,0,0.408,91.0805,0.0223102
Euler-Maruyama,0,0.409,91.4441,0.0223255
Euler-Maruyama,0,0.41,91.5864,0.0238211
Euler-Maruyama,0,0.411,92.4761,0.0251216
Euler-Maruyama,0,0.412,92.4253,0.0234042
Euler-Maruyama,0,0.413,92.8979,0.0218064
Euler-Maruyama,0,0.414,93.2858,0.0217649
Euler-Maruyama,0,0.415,93.3879,0.0238373
Euler-Maruyama,0,0.416,93.1413,0.0260372
Euler-Maruyama,0,0.417,93.1388,0.0279935
Euler-Maruyama,0,0.418,92.3902,0.0296806
Euler-Maruyama,0,0.419,92.9462,0.0284592
Euler-Maruyama,0,0.42,92.8539,0.0324661
Euler-Maruyama,0,0.421,92.5432,0.0324603
Euler-Maruyama,0,0.422,92.301,0.0326248
Euler-Maruyama,0,0.423,91.6625,0.0334588
Euler-Maruyama,0,0.424,91.6354,0.0333567
Euler-Maruyama,0,0.425,91.5722,0.0322618
Euler-Maruyama,0,0.426,91.8302,0.0300034
Euler-Maruyama,0,0.427,93.454,0.0279283
Euler-Maruyama,0,0.428,94.1255,0.0269538
Euler-Maruyama,0,0.429,94.4874,0.0284544
Euler-Maruyama,0,0.43,94.8434,0.0274913
Euler-Maruyama,0,0.431,96.029,0.0254974
Euler-Maruyama,0,0.432,95.5762,0.0262605
Euler-Maruyama,0,0.433,96.3201,0.0287593
Euler-Maruyama,0,0.434,96.0121,0.028005
Euler-Maruyama,0,0.435,95.8977,0.0262504
Euler-Maruyama,0,0.436,96.2501,0.0279127
Euler-Maruyama,0,0.437,96.28,0.0266463
Euler-Maruyama,0,0.438,95.978,0.0227934
Euler-Maruyama,0,0.439,95.8226,0.0230496
Euler-Maruyama,0,0.44,95.6693,0.0223371
Euler-Maruyama,0,0.441,95.1379,0.0219573
Euler-Maruyama,0,0.442,94.3481,0.0214677
Euler-Maruyama,0,0.443,94.6309,0.0217341
Euler-Maruyama,0,0.444,94.4366,0.0219959
Euler-Maruyama,0,0.445,94.8387,0.0218926
Euler-Maruyama,0,0.446,94.423,0.0212707
Euler-Maruyama,0,0.447,94.4804,0.0193547
Euler-Maruyama,0,0.448,93.7819,0.0208438
Euler-Maruyama,0,0.449,93.5746,0.0221956
Euler-Maruyama,0,0.45,93.4862,0.0212658
Euler-Maruyama,0,0.451,93.6015,0.0211489
Euler-Maruyama,0,0.452,93.1476,0.0201773
Euler-Maruyama,0,0.453,92.0467,0.0208965
Euler-Maruyama,0,0.454,92.4061,0.0208632
Euler-Maruyama,0,0.455,92.5595,0.0217643
Euler-Maruyama,0,0.456,92.1957,0.019434
Euler-Maruyama,0,0.457,91.6927,0.0188289
Euler-Maruyama,0,0.458,91.4701,0.0192016
Euler-Maruyama,0,0.459,91.327,0.0188556
Euler-Maruyama,0,0.46,91.5538,0.0171621
Euler-Maruyama,0,0.461,91.7044,0.0163916
Euler-Maruyama,0,0.462,92.0177,0.0149614
Euler-Maruyama,0,0.463,92.2376,0.0170508
Euler-Maruyama,0,0.464,92.1322,0.0177647
Euler-Maruyama,0,0.465,92.1822,0.0183287
Euler-Maruyama,0,0.466,92.2106,0.0191036
Euler-Maruyama,0,0.467,92.5736,0.0200444
Euler-Maruyama,0,0.468,92.3556,0.0201889
Euler-Maruyama,0,0.469,92.1804,0.0202674
Euler-Maruyama,0,0.47,91.4752,0.0191559
Euler-Maruyama,0,0.471,91.0446,0.0184878
Euler-Maruyama,0,0.472,91.0879,0.0178709
Euler-Maruyama,0,0.473,90.6058,0.0161182
Euler-Maruyama,0,0.474,90.405,0.0160065
Euler-Maruyama,0,0.475,90.2682,0.0154832
Euler-Maruyama,0,0.476,90.4927,0.0137638
Euler-Maruyama,0,0.477,91.215,0.0136585
Euler-Maruyama,0,0.478,91.5436,0.0128684
Euler-Maruyama,0,0.479,91.4546,0.0150148
Euler-Maruyama,0,0.48,91.3606,0.0143216
Euler-Maruyama,0,0.481,90.7802,0.0157352
Euler-Maruyama,0,0.482,90.4451,0.0132059
Euler-Maruyama,0,0.483,90.1945,0.012282
Euler-Maruyama,0,0.484,89.8609,0.012949
Euler-Maruyama,0,0.485,89.7059,0.0135819
Euler-Maruyama,0,0.486,89.3645,0.0146559
Euler-Maruyama,0,0.487,89.234,0.0124071
Euler-Maruyama,0,0.488,88.8469,0.0129082
Euler-Maruyama,0,0.489,88.9958,0.0116808
Euler-Maruyama,0,0.49,88.8311,0.0109144
Euler-Maruyama,0,0.491,88.9642,0.0112503
Euler-Maruyama,0,0.492,88.8236,0.0129597
Euler-Maruyama,0,0.493,88.6549,0.0128938
Euler-Maruyama,0,0.494,88.779,0.0136247
Euler-Maruyama,0,0.495,88.6078,0.0134086
Euler-Maruyama,0,0.496,88.3738,0.0117491
Euler-Maruyama,0,0.497,88.7207,0.0118399
Euler-Maruyama,0,0.498,89.0217,0.0130857
Euler-Maruyama,0,0.499,88.7563,0.0127242
Euler-Maruyama,0,0.5,89.1744,0.0138855
Euler-Maruyama,0,0.501,89.621,0.0130753
Euler-Maruyama,0,0.502,89.2764,0.0142956
Euler-Maruyama,0,0.503,89.3297,0.0141291
Euler-Maruyama,0,0.504,88.9336,0.0147285
Euler-Maruyama,0,0.505,89.3995,0.0158028
Euler-Maruyama,0,0.506,89.0937,0.0186971
Euler-Maruyama,0,0.507,89.5737,0.0174438
Euler-Maruyama,0,0.508,89.1673,0.016736
Euler-Maruyama,0,0.509,88.8948,0.0167786
Euler-Maruyama,0,0.51,89.0387,0.0161356
Euler-Maruyama,0,0.511,88.8328,0.0142669
Euler-Maruyama,0,0.512,88.2357,0.0119787
Euler-Maruyama,0,0.513,88.2482,0.0109895
Euler-Maruyama,0,0.514,88.3447,0.0116986
Euler-Maruyama,0,0.515,88.4698,0.0141979
Euler-Maruyama,0,0.516,88.2366,0.0163255
Euler-Maruyama,0,0.517,88.1544,0.0173963
Euler-Maruyama,0,0.518,87.8372,0.0165252
Euler-Maruyama,0,0.519,87.4782,0.0159045
Euler-Maruyama,0,0.52,86.7732,0.0146679
Euler-Maruyama,0,0.521,86.8762,0.0136436
Euler-Maruyama,0,0.522,86.9629,0.0117579
Euler-Maruyama,0,0.523,86.8731,0.0115985
Euler-Maruyama,0,0.524,87.4667,0.0114006
Euler-Maruyama,0,0.525,87.8057,0.0117782
Euler-Maruyama,0,0.526,88.0972,0.0125495
Euler-Maruyama,0,0.527,88.1976,0.0120302
Euler-Maruyama,0,0.528,88.0005,0.0112704
Euler-Maruyama,0,0.529,88.2377,0.0108293
Euler-Maruyama,0,0.53,88.0858,0.0101672
Euler-Maruyama,0,0.531,88.5263,0.010799
Euler-Maruyama,0,0.532,88.4068,0.00994397
Euler-Maruyama,0,0.533,88.6299,0.011178
Euler-Maruyama,0,0.534,89.0797,0.0107707
Euler-Maruyama,0,0.535,89.1409,0.0107711
Euler-Maruyama,0,0.536,88.8635,0.0112798
Euler-Maruyama,0,0.537,89.0011,0.0105839
Euler-Maruyama,0,0.538,89.5929,0.00964842
Euler-Maruyama,0,0.539,89.632,0.0104532
Euler-Maruyama,0,0.54,89.2532,0.0100045
Euler-Maruyama,0,0.541,88.8208,0.0101361
Euler-Maruyama,0,0.542,88.7158,0.0107463
Euler-Maruyama,0,0.543,88.6036,0.00869522
Euler-Maruyama,0,0.544,88.4404,0.00857767
Euler-Maruyama,0,0.545,88.8394,0.00890577
Euler-Maruyama,0,0.546,89.1004,0.00737528
Euler-Maruyama,0,0.547,89.3269,0.00643909
Euler-Maruyama,0,0.548,89.1453,0.00663115
Euler-Maruyama,0,0.549,89.1484,0.00462182
Euler-Maruyama,0,0.55,89.0961,0.00454188
Euler-Maruyama,0,0.551,89.0575,0.00517932
Euler-Maruyama,0,0.552,89.1634,0.0051048
Euler-Maruyama,0,0.553,89.3124,0.00568186
Euler-Maruyama,0,0.554,89.6185,0.00573416
Euler-Maruyama,0,0.555,89.6108,0.00563125
Euler-Maruyama,0,0.556,89.3756,0.00535088
Euler-Maruyama,0,0.557,89.3346,0.00631038
Euler-Maruyama,0,0.558,89.2375,0.00700732
Euler-Maruyama,0,0.559,89.1748,0.00791046
Euler-Maruyama,0,0.56,89.257,0.00805015
Euler-Maruyama,0,0.561,88.9818,0.00784593
Euler-Maruyama,0,0.562,89.0991,0.00759215
Euler-Maruyama,0,0.563,89.5682,0.00928357
Euler-Maruyama,0,0.564,89.7277,0.00929744
Euler-Maruyama,0,0.565,89.8098,0.00874839
Euler-Maruyama,0,0.566,89.7005,0.0100974
Euler-Maruyama,0,0.567,89.359,0.0116017
Euler-Maruyama,0,0.568,89.3365,0.0112239
Euler-Maruyama,0,0.569,89.4909,0.0104049
Euler-Maruyama,0,0.57,89.4771,0.0121694
Euler-Maruyama,0,0.571,89.6896,0.0128372
Euler-Maruyama,0,0.572,89.8304,0.0134259
Euler-Maruyama,0,0.573,89.2938,0.0129868
Euler-Maruyama,0,0.574,89.5975,0.0119834
Euler-Maruyama,0,0.575,89.8548,0.0114597
Euler-Maruyama,0,0.576,89.3505,0.01299
Euler-Maruyama,0,0.577,89.1534,0.0116531
Euler-Maruyama,0,0.578,88.9303,0.0133387
Euler-Maruyama,0,0.579,89.3363,0.0127827
Euler-Maruyama,0,0.58,89.6168,0.0120029
Euler-Maruyama,0,0.581,89.4351,0.0115933
Euler-Maruyama,0,0.582,89.4117,0.0110269
Euler-Maruyama,0,0.583,89.7244,0.0106892
Euler-Maruyama,0,0.584,89.7832,0.0120487
Euler-Maruyama,0,0.585,89.7471,0.0137931
Euler-Maruyama,0,0.586,89.779,0.013937
Euler-Maruyama,0,0.587,89.372,0.014083
Euler-Maruyama,0,0.588,89.9059,0.0148003
Euler-Maruyama,0,0.589,90.3704,0.0161031
Euler-Maruyama,0,0.59,89.9987,0.0190658
Euler-Maruyama,0,0.591,89.318,0.0190661
Euler-Maruyama,0,0.592,89.6701,0.0200361
Euler-Maruyama,0,0.593,90.5936,0.0203886
Euler-Maruyama,0,0.594,90.6061,0.0188221
Euler-Maruyama,0,0.595,90.4563,0.0201316
Euler-Maruyama,0,0.596,90.5338,0.0196778
Euler-Maruyama,0,0.597,90.1421,0.0210803
Euler-Maruyama,0,0.598,89.7293,0.0200905
Euler-Maruyama,0,0.599,89.9946,0.0193451
Euler-Maruyama,0,0.6,89.7475,0.0171106
Euler-Maruyama,0,0.601,89.9211,0.0184784
Euler-Maruyama,0,0.602,90.2302,0.0181482
Euler-Maruyama,0,0.603,89.9029,0.0168476
Euler-Maruyama,0,0.604,89.8563,0.0172357
Euler-Maruyama,0,0.605,89.5887,0.0187783
Euler-Maruyama,0,0.606,89.5839,0.0198759
Euler-Maruyama,0,0.607,89.7863,0.0212494
Euler-Maruyama,0,0.608,90.2906,0.022789
Euler-Maruyama,0,0.609,89.9219,0.0230364
Euler-Maruyama,0,0.61,90.064,0.0229734
Euler-Maruyama,0,0.611,90.3342,0.0235126
Euler-Maruyama,0,0.612,89.8168,0.0245261
Euler-Maruyama,0,0.613,89.7661,0.0229812
Euler-Maruyama,0,0.614,89.8654,0.0217953
Euler-Maruyama,0,0.615,89.6427,0.0248249
Euler-Maruyama,0,0.616,90.2383,0.0260611
Euler-Maruyama,0,0.617,90.2426,0.0250388
Euler-Maruyama,0,0.618,90.4655,0.0224458
Euler-Maruyama,0,0.619,89.8319,0.0215843
Euler-Maruyama,0,0.62,90.2182,0.020007
Euler-Maruyama,0,0.621,89.5299,0.0194662
Euler-Maruyama,0,0.622,89.2257,0.0198104
Euler-Maruyama,0,0.623,89.7115,0.0203812
Euler-Maruyama,0,0.624,90.1937,0.0214079
Euler-Maruyama,0,0.625,89.4579,0.0225702
Euler-Maruyama,0,0.626,89.1671,0.0237247
Euler-Maruyama,0,0.627,89.935,0.0229993
Euler-Maruyama,0,0.628,89.5386,0.0243552
Euler-Maruyama,0,0.629,89.9711,0.0236849
Euler-Maruyama,0,0.63,90.2785,0.0231729
Euler-Maruyama,0,0.631,89.9936,0.0240406
Euler-Maruyama,0,0.632,90.4493,0.0247027
Euler-Maruyama,0,0.633,90.0066,0.0257001
Euler-Maruyama,0,0.634,88.9236,0.0216906
Euler-Maruyama,0,0.635,88.1589,0.0231887
Euler-Maruyama,0,0.636,88.3866,0.024515
Euler-Maruyama,0,0.637,88.7089,0.0243931
Euler-Maruyama,0,0.638,88.3761,0.0254592
Euler-Maruyama,0,0.639,88.5741,0.0254602
Euler-Maruyama,0,0.64,88.5613,0.0260464
Euler-Maruyama,0,0.641,87.0776,0.0262278
Euler-Maruyama,0,0.642,86.6569,0.0269687
Euler-Maruyama,0,0.643,86.9506,0.0271357
Euler-Maruyama,0,0.644,87.2483,0.0302089
Euler-Maruyama,0,0.645,87.9712,0.0341878
Euler-Maruyama,0,0.646,87.8964,0.0336109
Euler-Maruyama,0,0.647,87.6716,0.0340244
Euler-Maruyama,0,0.648,88.012,0.0348085
Euler-Maruyama,0,0.649,88.1338,0.0338608
Euler-Maruyama,0,0.65,87.9875,0.0321003
Euler-Maruyama,0,0.651,88.6242,0.0317982
Euler-Maruyama,0,0.652,88.6828,0.0317989
Euler-Maruyama,0,0.653,88.2577,0.0303537
Euler-Maruyama,0,0.654,88.7373,0.0304011
Euler-Maruyama,0,0.655,88.5292,0.0314262
Euler-Maruyama,0,0.656,88.6274,0.0308822
Euler-Maruyama,0,0.657,89.3452,0.0317071
Euler-Maruyama,0,0.658,89.345,0.034022
Euler-Maruyama,0,0.659,90.0458,0.0375226
Euler-Maruyama,0,0.66,90.5806,0.0381911
Euler-Maruyama,0,0.661,90.7501,0.0379427
Euler-Maruyama,0,0.662,91.2646,0.0374956
Euler-Maruyama,0,0.663,91.9821,0.034126
Euler-Maruyama,0,0.664,92.7793,0.0342987
Euler-Maruyama,0,0.665,91.8214,0.0324339
Euler-Maruyama,0,0.666,91.3769,0.0311467
Euler-Maruyama,0,0.667,91.9766,0.0305745
Euler-Maruyama,0,0.668,91.8591,0.0313697
Euler-Maruyama,0,0.669,91.0637,0.0326843
Euler-Maruyama,0,0.67,91.1889,0.0301459
Euler-Maruyama,0,0.671,91.5541,0.0294212
Euler-Maruyama,0,0.672,92.3719,0.0261515
Euler-Maruyama,0,0.673,92.0827,0.0248194
Euler-Maruyama,0,0.674,92.205,0.0217765
Euler-Maruyama,0,0.675,92.0964,0.0217038
Euler-Maruyama,0,0.676,92.8427,0.022967
Euler-Maruyama,0,0.677,92.6487,0.0214565
Euler-Maruyama,0,0.678,93.2671,0.0207525
Euler-Maruyama,0,0.679,92.9337,0.0184057
Euler-Maruyama,0,0.68,93.2271,0.0192309
Euler-Maruyama,0,0.681,93.4463,0.0184283
Euler-Maruyama,0,0.682,92.9007,0.0175273
Euler-Maruyama,0,0.683,93.0561,0.0164599
Euler-Maruyama,0,0.684,92.4262,0.016197
Euler-Maruyama,0,0.685,93.0075,0.0153524
Euler-Maruyama,0,0.686,92.2728,0.0163523
Euler-Maruyama,0,0.687,92.8588,0.0153396
Euler-Maruyama,0,0.688,93.0805,0.0158079
Euler-Maruyama,0,0.689,92.7164,0.0142387
Euler-Maruyama,0,0.69,92.2015,0.0155563
Euler-Maruyama,0,0.691,92.3281,0.0142631
Euler-Maruyama,0,0.692,92.5696,0.0154973
Euler-Maruyama,0,0.693,93.0169,0.013758
Euler-Maruyama,0,0.694,92.7901,0.0131213
Euler-Maruyama,0,0.695,92.4311,0.0132207
Euler-Maruyama,0,0.696,92.597,0.0135903
Euler-Maruyama,0,0.697,92.9894,0.0150102
Euler-Maruyama,0,0.698,92.6657,0.0152831
Euler-Maruyama,0,0.699,93.0765,0.0158726
Euler-Maruyama,0,0.7,93.0943,0.0158153
Euler-Maruyama,0,0.701,93.3565,0.0166409
Euler-Maruyama,0,0.702,93.0527,0.0168323
Euler-Maruyama,0,0.703,92.0371,0.0170751
Euler-Maruyama,0,0.704,92.4176,0.0154679
Euler-Maruyama,0,0.705,91.9325,0.0141439
Euler-Maruyama,0,0.706,91.8609,0.016582
Euler-Maruyama,0,0.707,92.0423,0.0158179
Euler-Maruyama,0,0.708,91.768,0.0153559
Euler-Maruyama,0,0.709,91.4407,0.0157408
Euler-Maruyama,0,0.71,91.6616,0.0156547
Euler-Maruyama,0,0.711,91.6979,0.0149313
Euler-Maruyama,0,0.712,91.5883,0.0143527
Euler-Maruyama,0,0.713,91.7877,0.0146469
Euler-Maruyama,0,0.714,91.3743,0.0160538
Euler-Maruyama,0,0.715,91.7231,0.0161871
Euler-Maruyama,0,0.716,92.1808,0.0149937
Euler-Maruyama,0,0.717,92.5303,0.0139095
Euler-Maruyama,0,0.718,92.8914,0.0125805
Euler-Maruyama,0,0.719,92.1988,0.0120832
Euler-Maruyama,0,0.72,91.769,0.0126492
Euler-Maruyama,0,0.721,91.3353,0.0121671
Euler-Maruyama,0,0.722,91.4042,0.0129758
Euler-Maruyama,0,0.723,91.2533,0.0147302
Euler-Maruyama,0,0.724,91.0068,0.0156645
Euler-Maruyama,0,0.725,91.4631,0.0157428
Euler-Maruyama,0,0.726,92.1047,0.0156685
Euler-Maruyama,0,0.727,91.6645,0.0172294
Euler-Maruyama,0,0.728,90.884,0.0176447
Euler-Maruyama,0,0.729,90.7141,0.0167137
Euler-Maruyama,0,0.73,90.2846,0.0177136
Euler-Maruyama,0,0.731,91.5164,0.017261
Euler-Maruyama,0,0.732,91.6091,0.0195387
Euler-Maruyama,0,0.733,91.4943,0.0182734
Euler-Maruyama,0,0.734,91.3608,0.0181603
Euler-Maruyama,0,0.735,91.2964,0.0174356
Euler-Maruyama,0,0.736,91.1726,0.0173312
Euler-Maruyama,0,0.737,91.0875,0.0160831
Euler-Maruyama,0,0.738,90.6466,0.0142805
Euler-Maruyama,0,0.739,89.9097,0.0153343
Euler-Maruyama,0,0.74,89.6512,0.0150659
Euler-Maruyama,0,0.741,89.3561,0.013618
Euler-Maruyama,0,0.742,88.9587,0.013949
Euler-Maruyama,0,0.743,88.6016,0.0145826
Euler-Maruyama,0,0.744,88.469,0.0155893
Euler-Maruyama,0,0.745,88.3973,0.017466
Euler-Maruyama,0,0.746,88.0612,0.0168952
Euler-Maruyama,0,0.747,88.5717,0.0181342
Euler-Maruyama,0,0.748,89.3954,0.0177432
Euler-Maruyama,0,0.749,89.3756,0.0175606
Euler-Maruyama,0,0.75,88.6554,0.0169882
Euler-Maruyama,0,0.751,89.1709,0.0167235
Euler-Maruyama,0,0.752,88.7852,0.01678
Euler-Maruyama,0,0.753,87.7752,0.0170852
Euler-Maruyama,0,0.754,87.979,0.0171488
Euler-Maruyama,0,0.755,88.2183,0.0168522
Euler-Maruyama,0,0.756,88.9365,0.0176814
Euler-Maruyama,0,0.757,88.8574,0.0190235
Euler-Maruyama,0,0.758,88.7658,0.0177964
Euler-Maruyama,0,0.759,88.5957,0.0162322
Euler-Maruyama,0,0.76,87.4008,0.0173687
Euler-Maruyama,0,0.761,88.0737,0.0184542
Euler-Maruyama,0,0.762,88.6245,0.0182277
Euler-Maruyama,0,0.763,87.6797,0.0172447
Euler-Maruyama,0,0.764,87.085,0.0201649
Euler-Maruyama,0,0.765,86.9184,0.0208269
Euler-Maruyama,0,0.766,87.3872,0.0210842
Euler-Maruyama,0,0.767,87.7053,0.0177302
Euler-Maruyama,0,0.768,87.6214,0.0203878
Euler-Maruyama,0,0.769,87.7058,0.0198213
Euler-Maruyama,0,0.77,87.2986,0.0193785
Euler-Maruyama,0,0.771,87.5487,0.0177358
Euler-Maruyama,0,0.772,87.5627,0.0169185
Euler-Maruyama,0,0.773,87.7834,0.0155021
Euler-Maruyama,0,0.774,88.5063,0.0151937
Euler-Maruyama,0,0.775,88.4653,0.0142516
Euler-Maruyama,0,0.776,88.6759,0.0151767
Euler-Maruyama,0,0.777,88.9139,0.0137254
Euler-Maruyama,0,0.778,89.176,0.0143228
Euler-Maruyama,0,0.779,88.9507,0.0139445
Euler-Maruyama,0,0.78,89.3104,0.0146747
Euler-Maruyama,0,0.781,89.6709,0.0134944
Euler-Maruyama,0,0.782,89.7377,0.0121066
Euler-Maruyama,0,0.783,89.2262,0.0138339
Euler-Maruyama,0,0.784,89.4023,0.0142124
Euler-Maruyama,0,0.785,89.5069,0.0150488
Euler-Maruyama,0,0.786,89.0602,0.0145901
Euler-Maruyama,0,0.787,88.6649,0.0146667
Euler-Maruyama,0,0.788,88.5565,0.0147625
Euler-Maruyama,0,0.789,88.669,0.0157247
Euler-Maruyama,0,0.79,88.4557,0.0137287
Euler-Maruyama,0,0.791,88.777,0.0123241
Euler-Maruyama,0,0.792,88.0654,0.0117582
Euler-Maruyama,0,0.793,88.5364,0.0114168
Euler-Maruyama,0,0.794,88.6761,0.0101996
Euler-Maruyama,0,0.795,88.3762,0.00946584
Euler-Maruyama,0,0.796,88.2262,0.00911123
Euler-Maruyama,0,0.797,88.5374,0.00901168
Euler-Maruyama,0,0.798,88.0067,0.00886329
Euler-Maruyama,0,0.799,87.815,0.00832919
Euler-Maruyama,0,0.8,87.9544,0.0088077
Euler-Maruyama,0,0.801,88.56,0.00965108
Euler-Maruyama,0,0.802,89.0396,0.0100959
Euler-Maruyama,0,0.803,89.5275,0.00864076
Euler-Maruyama,0,0.804,89.4183,0.00911549
Euler-Maruyama,0,0.805,89.712,0.0105654
Euler-Maruyama,0,0.806,89.3849,0.0102617
Euler-Maruyama,0,0.807,89.1854,0.0109113
Euler-Maruyama,0,0.808,89.3782,0.011842
Euler-Maruyama,0,0.809,89.2749,0.0117176
Euler-Maruyama,0,0.81,89.433,0.0106161
Euler-Maruyama,0,0.811,89.2609,0.0108888
Euler-Maruyama,0,0.812,89.1669,0.0114054
Euler-Maruyama,0,0.813,89.4137,0.0111128
Euler-Maruyama,0,0.814,89.2025,0.0119689
Euler-Maruyama,0,0.815,89.2209,0.0108959
Euler-Maruyama,0,0.816,89.4035,0.0113405
Euler-Maruyama,0,0.817,89.8403,0.0123562
Euler-Maruyama,0,0.818,89.3245,0.0148289
Euler-Maruyama,0,0.819,89.0705,0.0161526
Euler-Maruyama,0,0.82,89.3531,0.0159538
Euler-Maruyama,0,0.821,89.1899,0.014129
Euler-Maruyama,0,0.822,88.9862,0.0132066
Euler-Maruyama,0,0.823,89.5373,0.0122079
Euler-Maruyama,0,0.824,89.6417,0.0139255
Euler-Maruyama,0,0.825,90.0047,0.0137265
Euler-Maruyama,0,0.826,90.1267,0.013054
Euler-Maruyama,0,0.827,90.0048,0.0140425
Euler-Maruyama,0,0.828,90.1279,0.0162863
Euler-Maruyama,0,0.829,90.3427,0.0169822
Euler-Maruyama,0,0.83,90.0844,0.0167622
Euler-Maruyama,0,0.831,90.4698,0.0136433
Euler-Maruyama,0,0.832,90.6654,0.0127856
Euler-Maruyama,0,0.833,90.5826,0.013307
Euler-Maruyama,0,0.834,90.4601,0.0127672
Euler-Maruyama,0,0.835,90.6521,0.0136713
Euler-Maruyama,0,0.836,90.2196,0.0132414
Euler-Maruyama,0,0.837,90.2919,0.0130525
Euler-Maruyama,0,0.838,90.0563,0.0121593
Euler-Maruyama,0,0.839,90.0805,0.0123441
Euler-Maruyama,0,0.84,89.9663,0.0120173
Euler-Maruyama,0,0.841,90.1354,0.0104688
Euler-Maruyama,0,0.842,89.6801,0.0105181
Euler-Maruyama,0,0.843,89.9856,0.0102792
Euler-Maruyama,0,0.844,89.9667,0.0107637
Euler-Maruyama,0,0.845,89.8734,0.0107034
Euler-Maruyama,0,0.846,89.5563,0.0127437
Euler-Maruyama,0,0.847,89.4392,0.0102272
Euler-Maruyama,0,0.848,89.5106,0.00983574
Euler-Maruyama,0,0.849,89.4109,0.0105114
Euler-Maruyama,0,0.85,89.5608,0.0102771
Euler-Maruyama,0,0.851,89.7807,0.0105101
Euler-Maruyama,0,0.852,90.1464,0.011014
Euler-Maruyama,0,0.853,90.8932,0.0115578
Euler-Maruyama,0,0.854,91.4393,0.0125445
Euler-Maruyama,0,0.855,90.7582,0.0130673
Euler-Maruyama,0,0.856,91.3614,0.0126919
Euler-Maruyama,0,0.857,90.9359,0.0132923
Euler-Maruyama,0,0.858,91.2333,0.0137004
Euler-Maruyama,0,0.859,90.9601,0.0157824
Euler-Maruyama,0,0.86,90.7118,0.0166218
Euler-Maruyama,0,0.861,91.153,0.0159396
Euler-Maruyama,0,0.862,91.2783,0.0162372
Euler-Maruyama,0,0.863,91.1761,0.0176281
Euler-Maruyama,0,0.864,91.271,0.0175628
Euler-Maruyama,0,0.865,91.0938,0.0186978
Euler-Maruyama,0,0.866,90.8061,0.0172671
Euler-Maruyama,0,0.867,90.297,0.0165827
Euler-Maruyama,0,0.868,90.5249,0.018442
Euler-Maruyama,0,0.869,90.7328,0.017374
Euler-Maruyama,0,0.87,90.3902,0.0168345
Euler-Maruyama,0,0.871,90.7451,0.0164754
Euler-Maruyama,0,0.872,90.6854,0.0174121
Euler-Maruyama,0,0.873,91.141,0.0167863
Euler-Maruyama,0,0.874,91.2404,0.0184363
Euler-Maruyama,0,0.875,91.078,0.0169089
Euler-Maruyama,0,0.876,90.9217,0.0181519
Euler-Maruyama,0,0.877,90.0796,0.0165204
Euler-Maruyama,0,0.878,90.1479,0.0154589
Euler-Maruyama,0,0.879,90.3748,0.0151169
Euler-Maruyama,0,0.88,90.4173,0.0149274
Euler-Maruyama,0,0.881,90.1795,0.0154267
Euler-Maruyama,0,0.882,90.0515,0.0163176
Euler-Maruyama,0,0.883,90.5411,0.0158507
Euler-Maruyama,0,0.884,90.4046,0.0145993
Euler-Maruyama,0,0.885,90.9256,0.0156834
Euler-Maruyama,0,0.886,90.7733,0.0170113
Euler-Maruyama,0,0.887,91.0682,0.0171166
Euler-Maruyama,0,0.888,90.6642,0.0172277
Euler-Maruyama,0,0.889,90.803,0.0184932
Euler-Maruyama,0,0.89,90.9721,0.0167932
Euler-Maruyama,0,0.891,90.3896,0.0165049
Euler-Maruyama,0,0.892,89.7291,0.0179232
Euler-Maruyama,0,0.893,90.1475,0.0169324
Euler-Maruyama,0,0.894,90.5126,0.0161336
Euler-Maruyama,0,0.895,90.8877,0.0178069
Euler-Maruyama,0,0.896,90.3299,0.0164907
Euler-Maruyama,0,0.897,90.2074,0.0167424
Euler-Maruyama,0,0.898,90.7227,0.0188694
Euler-Maruyama,0,0.899,91.0125,0.0184845
Euler-Maruyama,0,0.9,90.0955,0.0181531
Euler-Maruyama,0,0.901,90.5322,0.0186461
Euler-Maruyama,0,0.902,90.574,0.017736
Euler-Maruyama,0,0.903,91.2518,0.0172558
Euler-Maruyama,0,0.904,90.8663,0.0174795
Euler-Maruyama,0,0.905,90.9513,0.0161235
Euler-Maruyama,0,0.906,91.1808,0.0148671
Euler-Maruyama,0,0.907,91.1526,0.0150557
Euler-Maruyama,0,0.908,91.2855,0.0157219
Euler-Maruyama,0,0.909,91.3206,0.0163867
Euler-Maruyama,0,0.91,91.765,0.0154577
Euler-Maruyama,0,0.911,91.9521,0.0142024
Euler-Maruyama,0,0.912,92.2651,0.0126369
Euler-Maruyama,0,0.913,92.1608,0.0134668
Euler-Maruyama,0,0.914,91.9044,0.013455
Euler-Maruyama,0,0.915,91.6902,0.0128522
Euler-Maruyama,0,0.916,91.8149,0.0123086
Euler-Maruyama,0,0.917,91.8522,0.0133556
Euler-Maruyama,0,0.918,91.4991,0.0123134
Euler-Maruyama,0,0.919,92.0627,0.0121887
Euler-Maruyama,0,0.92,92.2376,0.012582
Euler-Maruyama,0,0.921,92.1061,0.0121534
Euler-Maruyama,0,0.922,92.0099,0.0137051
Euler-Maruyama,0,0.923,91.927,0.0127088
Euler-Maruyama,0,0.924,91.3071,0.0114762
Euler-Maruyama,0,0.925,91.1246,0.0126443
Euler-Maruyama,0,0.926,90.414,0.0115803
Euler-Maruyama,0,0.927,90.3774,0.0115876
Euler-Maruyama,0,0.928,90.7796,0.0137442
Euler-Maruyama,0,0.929,91.114,0.0143616
Euler-Maruyama,0,0.93,91.0627,0.013437
Euler-Maruyama,0,0.931,91.1843,0.0132807
Euler-Maruyama,0,0.932,91.1397,0.013407
Euler-Maruyama,0,0.933,90.9289,0.0143835
Euler-Maruyama,0,0.934,89.8591,0.0153631
Euler-Maruyama,0,0.935,89.9978,0.016005
Euler-Maruyama,0,0.936,90.0214,0.0174383
Euler-Maruyama,0,0.937,89.5703,0.0186372
Euler-Maruyama,0,0.938,89.9864,0.0195252
Euler-Maruyama,0,0.939,90.1461,0.0204743
Euler-Maruyama,0,0.94,90.473,0.0194747
Euler-Maruyama,0,0.941,90.5735,0.014937
Euler-Maruyama,0,0.942,90.9911,0.0155245
Euler-Maruyama,0,0.943,91.3151,0.0162541
Euler-Maruyama,0,0.944,91.2586,0.0174085
Euler-Maruyama,0,0.945,91.2834,0.0177818
Euler-Maruyama,0,0.946,91.3236,0.0186562
Euler-Maruyama,0,0.947,91.5358,0.0180252
Euler-Maruyama,0,0.948,91.8869,0.0177186
Euler-Maruyama,0,0.949,91.5028,0.0187172
Euler-Maruyama,0,0.95,91.437,0.0208512
Euler-Maruyama,0,0.951,92.098,0.0201213
Euler-Maruyama,0,0.952,91.6431,0.0206647
Euler-Maruyama,0,0.953,91.6606,0.0228816
Euler-Maruyama,0,0.954,92.3741,0.0241281
Euler-Maruyama,0,0.955,92.186,0.0232778
Euler-Maruyama,0,0.956,92.5888,0.0214466
Euler-Maruyama,0,0.957,92.8742,0.0229092
Euler-Maruyama,0,0.958,93.0209,0.0255127
Euler-Maruyama,0,0.959,92.661,0.0251588
Euler-Maruyama,0,0.96,92.1607,0.0251575
Euler-Maruyama,0,0.961,92.9475,0.0262212
Euler-Maruyama,0,0.962,93.3222,0.0242302
Euler-Maruyama,0,0.963,93.5556,0.0246182
Euler-Maruyama,0,0.964,93.9304,0.0246852
Euler-Maruyama,0,0.965,94.4966,0.0275799
Euler-Maruyama,0,0.966,95.5976,0.0287048
Euler-Maruyama,0,0.967,96.1034,0.0279803
Euler-Maruyama,0,0.968,95.373,0.0284174
Euler-Maruyama,0,0.969,95.7871,0.0286896
Euler-Maruyama,0,0.97,96.5173,0.0289178
Euler-Maruyama,0,0.971,96.4862,0.0279984
Euler-Maruyama,0,0.972,95.8041,0.0277598
Euler-Maruyama,0,0.973,96.0731,0.0268698
Euler-Maruyama,0,0.974,96.1357,0.0274732
Euler-Maruyama,0,0.975,95.8583,0.0275363
Euler-Maruyama,0,0.976,95.8823,0.0274617
Euler-Maruyama,0,0.977,96.0118,0.0285013
Euler-Maruyama,0,0.978,96.6666,0.0290076
Euler-Maruyama,0,0.979,96.6,0.0282133
Euler-Maruyama,0,0.98,97.0967,0.0272384
Euler-Maruyama,0,0.981,97.5175,0.0299866
Euler-Maruyama,0,0.982,96.9478,0.0298426
Euler-Maruyama,0,0.983,97.0168,0.0305074
Euler-Maruyama,0,0.984,97.7998,0.0323908
Euler-Maruyama,0,0.985,99.0753,0.033246
Euler-Maruyama,0,0.986,99.1418,0.0329916
Euler-Maruyama,0,0.987,99.3051,0.03419
Euler-Maruyama,0,0.988,99.4635,0.0352245
Euler-Maruyama,0,0.989,99.6148,0.0370069
Euler-Maruyama,0,0.99,100.002,0.0385643
Euler-Maruyama,0,0.991,100.579,0.0360827
Euler-Maruyama,0,0.992,100.466,0.0358264
Euler-Maruyama,0,0.993,101.533,0.0365968
Euler-Maruyama,0,0.994,102.621,0.0383364
Euler-Maruyama,0,0.995,103.051,0.0365465
Euler-Maruyama,0,0.996,103.032,0.0334101
Euler-Maruyama,0,0.997,102.07,0.0299251
Euler-Maruyama,0,0.998,101.6,0.0324341
Euler-Maruyama,0,0.999,102.417,0.0315425
Euler-Maruyama,0,1,102.413,0.0291817
Euler-Maruyama,1,0,100,0.04
Euler-Maruyama,1,0.001,99.7603,0.040983
Euler-Maruyama,1,0.002,99.2575,0.0437124
Euler-Maruyama,1,0.003,99.3396,0.0439791
Euler-Maruyama,1,0.004,98.3405,0.0459593
Euler-Maruyama,1,0.005,97.1823,0.0476507
Euler-Maruyama,1,0.006,95.926,0.0471485
Euler-Maruyama,1,0.007,96.6043,0.0444833
Euler-Maruyama,1,0.008,95.0694,0.0440501
Euler-Maruyama,1,0.009,94.8958,0.0423897
Euler-Maruyama,1,0.01,94.657,0.0424889
Euler-Maruyama,1,0.011,95.0747,0.0422136
Euler-Maruyama,1,0.012,96.1292,0.041651
Euler-Maruyama,1,0.013,95.9058,0.0425391
Euler-Maruyama,1,0.014,96.3942,0.0405407
Euler-Maruyama,1,0.015,96.7186,0.0397585
Euler-Maruyama,1,0.016,97.4084,0.0413976
Euler-Maruyama,1,0.017,97.6068,0.0395518
Euler-Maruyama,1,0.018,98.6969,0.0386425
Euler-Maruyama,1,0.019,98.9394,0.0399997
Euler-Maruyama,1,0.02,99.1452,0.0402527
Euler-Maruyama,1,0.021,98.8968,0.0384714
Euler-Maruyama,1,0.022,99.454,0.0356381
Euler-Maruyama,1,0.023,99.3269,0.0348023
Euler-Maruyama,1,0.024,100.565,0.0332753
Euler-Maruyama,1,0.025,100.953,0.0331807
Euler-Maruyama,1,0.026,100.955,0.0314282
Euler-Maruyama,1,0.027,99.6428,0.0297261
Euler-Maruyama,1,0.028,99.2872,0.0318285
Euler-Maruyama,1,0.029,99.2679,0.0330498
Euler-Maruyama,1,0.03,98.8047,0.0313919
Euler-Maruyama,1,0.031,97.9487,0.0317568
Euler-Maruyama,1,0.032,97.8736,0.0321201
Euler-Maruyama,1,0.033,97.8696,0.0305322
Euler-Maruyama,1,0.034,97.7255,0.0309034
Euler-Maruyama,1,0.035,97.7924,0.0286391
Euler-Maruyama,1,0.036,98.2125,0.029219
Euler-Maruyama,1,0.037,97.4653,0.0325036
Euler-Maruyama,1,0.038,97.9701,0.0338685
Euler-Maruyama,1,0.039,97.1369,0.0338569
Euler-Maruyama,1,0.04,96.9398,0.0341887
Euler-Maruyama,1,0.041,96.97,0.0339171
Euler-Maruyama,1,0.042,96.6408,0.0355993
Euler-Maruyama,1,0.043,96.8273,0.0369034
Euler-Maruyama,1,0.044,97.3687,0.0366554
Euler-Maruyama,1,0.045,98.3041,0.0374263
Euler-Maruyama,1,0.046,96.3876,0.0351279
Euler-Maruyama,1,0.047,97.4116,0.0329177
Euler-Maruyama,1,0.048,96.4707,0.0323549
Euler-Maruyama,1,0.049,97.0461,0.0314977
Euler-Maruyama,1,0.05,96.8282,0.0360881
Euler-Maruyama,1,0.051,97.5942,0.0371734
Euler-Maruyama,1,0.052,97.1403,0.0396463
Euler-Maruyama,1,0.053,96.7373,0.0370503
Euler-Maruyama,1,0.054,95.993,0.0347737
Euler-Maruyama,1,0.055,94.615,0.0367138
Euler-Maruyama,1,0.056,95.3102,0.0385
Euler-Maruyama,1,0.057,95.2203,0.0387736
Euler-Maruyama,1,0.058,95.8564,0.0424895
Euler-Maruyama,1,0.059,95.8457,0.0435026
Euler-Maruyama,1,0.06,95.8101,0.0439131
Euler-Maruyama,1,0.061,95.9192,0.0440521
Euler-Maruyama,1,0.062,96.4399,0.0461495
Euler-Maruyama,1,0.063,96.4194,0.0442295
Euler-Maruyama,1,0.064,96.9458,0.0455793
Euler-Maruyama,1,0.065,96.2455,0.0445658
Euler-Maruyama,1,0.066,96.7043,0.0439216
Euler-Maruyama,1,0.067,97.3121,0.0435023
Euler-Maruyama,1,0.068,96.8992,0.0461733
Euler-Maruyama,1,0.069,97.3497,0.0454979
Euler-Maruyama,1,0.07,97.9304,0.0448454
Euler-Maruyama,1,0.071,96.6166,0.0486024
Euler-Maruyama,1,0.072,96.6212,0.0451044
Euler-Maruyama,1,0.073,96.7686,0.0476022
Euler-Maruyama,1,0.074,95.6708,0.0497794
Euler-Maruyama,1,0.075,96.1241,0.0499291
Euler-Maruyama,1,0.076,97.2564,0.0534794
Euler-Maruyama,1,0.077,97.6055,0.0546533
Euler-Maruyama,1,0.078,97.6628,0.0567523
Euler-Maruyama,1,0.079,97.3766,0.0565022
Euler-Maruyama,1,0.08,98.0708,0.0570721
Euler-Maruyama,1,0.081,97.7136,0.0575516
Euler-Maruyama,1,0.082,97.36,0.0558228
Euler-Maruyama,1,0.083,97.4647,0.057243
Euler-Maruyama,1,0.084,98.9036,0.0558842
Euler-Maruyama,1,0.085,98.477,0.0569871
Euler-Maruyama,1,0.086,99.6185,0.0580577
Euler-Maruyama,1,0.087,98.0772,0.0570811
Euler-Maruyama,1,0.088,98.5182,0.0611795
Euler-Maruyama,1,0.089,99.3755,0.0612146
Euler-Maruyama,1,0.09,99.778,0.065448
Euler-Maruyama,1,0.091,101.109,0.0658279
Euler-Maruyama,1,0.092,101.523,0.0655105
Euler-Maruyama,1,0.093,101.06,0.0636272
Euler-Maruyama,1,0.094,101.277,0.0627094
Euler-Maruyama,1,0.095,101.863,0.0616955
Euler-Maruyama,1,0.096,102.873,0.0657435
Euler-Maruyama,1,0.097,102.428,0.0634373
Euler-Maruyama,1,0.098,103.146,0.0646347
Euler-Maruyama,1,0.099,104.135,0.0649226
Euler-Maruyama,1,0.1,105.569,0.0631878
Euler-Maruyama,1,0.101,105.423,0.0635606
Euler-Maruyama,1,0.102,103.516,0.0661971
Euler-Maruyama,1,0.103,102.849,0.0636466
Euler-Maruyama,1,0.104,103.339,0.0652349
Euler-Maruyama,1,0.105,103.913,0.0659302
Euler-Maruyama,1,0.106,103.915,0.0682227
Euler-Maruyama,1,0.107,103.468,0.0706954
Euler-Maruyama,1,0.108,103.347,0.0678573
Euler-Maruyama,1,0.109,103.512,0.0665868
Euler-Maruyama,1,0.11,103.51,0.0645612
Euler-Maruyama,1,0.111,104.152,0.0601973
Euler-Maruyama,1,0.112,102.966,0.0564698
Euler-Maruyama,1,0.113,103.012,0.0558125
Euler-Maruyama,1,0.114,104.625,0.052154
Euler-Maruyama,1,0.115,105.154,0.0526279
Euler-Maruyama,1,0.116,104.098,0.0487316
Euler-Maruyama,1,0.117,103.735,0.0533679
Euler-Maruyama,1,0.118,102.99,0.0546243
Euler-Maruyama,1,0.119,104.037,0.0530092
Euler-Maruyama,1,0.12,105.842,0.0557031
Euler-Maruyama,1,0.121,105.369,0.0566056
Euler-Maruyama,1,0.122,103.365,0.0533651
Euler-Maruyama,1,0.123,102.99,0.0482018
Euler-Maruyama,1,0.124,103.107,0.0525753
Euler-Maruyama,1,0.125,103.72,0.0519777
Euler-Maruyama,1,0.126,104.274,0.0513286
Euler-Maruyama,1,0.127,104.473,0.0531955
Euler-Maruyama,1,0.128,103.664,0.0530558
Euler-Maruyama,1,0.129,102.533,0.0535902
Euler-Maruyama,1,0.13,102.093,0.0566536
Euler-Maruyama,1,0.131,101.191,0.0545555
Euler-Maruyama,1,0.132,101.19,0.0536974
Euler-Maruyama,1,0.133,101.198,0.0535728
Euler-Maruyama,1,0.134,101.938,0.0514729
Euler-Maruyama,1,0.135,100.91,0.0576432
Euler-Maruyama,1,0.136,101.098,0.05658
Euler-Maruyama,1,0.137,100.714,0.0567758
Euler-Maruyama,1,0.138,99.7326,0.0528398
Euler-Maruyama,1,0.139,99.7947,0.049383
Euler-Maruyama,1,0.14,99.6783,0.0497147
Euler-Maruyama,1,0.141,99.6117,0.0502174
Euler-Maruyama,1,0.142,99.493,0.0478672
Euler-Maruyama,1,0.143,100.296,0.0480754
Euler-Maruyama,1,0.144,100.56,0.0480935
Euler-Maruyama,1,0.145,100.947,0.0499118
Euler-Maruyama,1,0.146,102.881,0.0452933
Euler-Maruyama,1,0.147,103.435,0.0474625
Euler-Maruyama,1,0.148,103.437,0.04843
Euler-Maruyama,1,0.149,103.492,0.0480666
Euler-Maruyama,1,0.15,103.91,0.0463219
Euler-Maruyama,1,0.151,103.824,0.0450059
Euler-Maruyama,1,0.152,104.243,0.0484609
Euler-Maruyama,1,0.153,103.394,0.045837
Euler-Maruyama,1,0.154,103.788,0.0468241
Euler-Maruyama,1,0.155,103.851,0.0465474
Euler-Maruyama,1,0.156,104.012,0.0467611
Euler-Maruyama,1,0.157,104.482,0.0515124
Euler-Maruyama,1,0.158,104.494,0.0530386
Euler-Maruyama,1,0.159,104.651,0.0539946
Euler-Maruyama,1,0.16,104.642,0.0554229
Euler-Maruyama,1,0.161,105.561,0.0562461
Euler-Maruyama,1,0.162,103.694,0.0560227
Euler-Maruyama,1,0.163,102.511,0.0554942
Euler-Maruyama,1,0.164,104.502,0.0547817
Euler-Maruyama,1,0.165,105.412,0.053756
Euler-Maruyama,1,0.166,106.191,0.0538414
Euler-Maruyama,1,0.167,106.412,0.0531501
Euler-Maruyama,1,0.168,106.559,0.0517682
Euler-Maruyama,1,0.169,106.438,0.0520895
Euler-Maruyama,1,0.17,106.582,0.0546556
Euler-Maruyama,1,0.171,105.071,0.055045
Euler-Maruyama,1,0.172,105.282,0.0549618
Euler-Maruyama,1,0.173,104.56,0.0575985
Euler-Maruyama,1,0.174,102.509,0.0557145
Euler-Maruyama,1,0.175,101.199,0.0560962
Euler-Maruyama,1,0.176,102.034,0.0560581
Euler-Maruyama,1,0.177,102.089,0.0561839
Euler-Maruyama,1,0.178,101.112,0.0560399
Euler-Maruyama,1,0.179,101.407,0.0569576
Euler-Maruyama,1,0.18,101.515,0.0520072
Euler-Maruyama,1,0.181,100.192,0.0519319
Euler-Maruyama,1,0.182,101.289,0.0498016
Euler-Maruyama,1,0.183,101.087,0.0474432
Euler-Maruyama,1,0.184,100.673,0.0471539
Euler-Maruyama,1,0.185,100.87,0.049318
Euler-Maruyama,1,0.186,100.835,0.0481312
Euler-Maruyama,1,0.187,102.074,0.0485357
Euler-Maruyama,1,0.188,101.124,0.0508769
Euler-Maruyama,1,0.189,101.426,0.0528425
Euler-Maruyama,1,0.19,102.189,0.0555244
Euler-Maruyama,1,0.191,101.413,0.0550544
Euler-Maruyama,1,0.192,100.963,0.0543078
Euler-Maruyama,1,0.193,101.615,0.0551907
Euler-Maruyama,1,0.194,100.504,0.0532867
Euler-Maruyama,1,0.195,99.4281,0.0549163
Euler-Maruyama,1,0.196,99.8483,0.0543038
Euler-Maruyama,1,0.197,100.515,0.0560621
Euler-Maruyama,1,0.198,99.3792,0.0583422
Euler-Maruyama,1,0.199,98.1023,0.0631788
Euler-Maruyama,1,0.2,97.4386,0.06292
Euler-Maruyama,1,0.201,97.4325,0.06425
Euler-Maruyama,1,0.202,97.133,0.0636452
Euler-Maruyama,1,0.203,99.1297,0.0639418
Euler-Maruyama,1,0.204,100.682,0.0608753
Euler-Maruyama,1,0.205,100.138,0.056415
Euler-Maruyama,1,0.206,101.197,0.0554103
Euler-Maruyama,1,0.207,101.907,0.0564022
Euler-Maruyama,1,0.208,102.029,0.0590793
Euler-Maruyama,1,0.209,100.858,0.059922
Euler-Maruyama,1,0.21,100.463,0.0631706
Euler-Maruyama,1,0.211,101.682,0.0606092
Euler-Maruyama,1,0.212,101.985,0.0596474
Euler-Maruyama,1,0.213,100.386,0.0640858
Euler-Maruyama,1,0.214,100.761,0.0648148
Euler-Maruyama,1,0.215,100.347,0.0682548
Euler-Maruyama,1,0.216,100.959,0.0675058
Euler-Maruyama,1,0.217,100.768,0.0702913
Euler-Maruyama,1,0.218,101.213,0.0687649
Euler-Maruyama,1,0.219,100.444,0.0707278
Euler-Maruyama,1,0.22,100.072,0.0719133
Euler-Maruyama,1,0.221,100.54,0.0776209
Euler-Maruyama,1,0.222,101.351,0.0781042
Euler-Maruyama,1,0.223,101.909,0.0802894
Euler-Maruyama,1,0.224,101.77,0.0777632
Euler-Maruyama,1,0.225,101.203,0.0741227
Euler-Maruyama,1,0.226,100.614,0.0771453
Euler-Maruyama,1,0.227,100.657,0.0820036
Euler-Maruyama,1,0.228,100.448,0.0824111
Euler-Maruyama,1,0.229,100.821,0.0833466
Euler-Maruyama,1,0.23,100.259,0.081615
Euler-Maruyama,1,0.231,102.525,0.0846723
Euler-Maruyama,1,0.232,102.807,0.0874341
Euler-Maruyama,1,0.233,104.267,0.0899668
Euler-Maruyama,1,0.234,105.402,0.0884935
Euler-Maruyama,1,0.235,105.392,0.089704
Euler-Maruyama,1,0.236,106.885,0.0937297
Euler-Maruyama,1,0.237,106.067,0.0888125
Euler-Maruyama,1,0.238,105.708,0.090583
Euler-Maruyama,1,0.239,104.897,0.0910676
Euler-Maruyama,1,0.24,104.616,0.0908844
Euler-Maruyama,1,0.241,107.399,0.0906324
Euler-Maruyama,1,0.242,108.954,0.0922576
Euler-Maruyama,1,0.243,108.999,0.0897709
Euler-Maruyama,1,0.244,107.681,0.0928155
Euler-Maruyama,1,0.245,108.974,0.091904
Euler-Maruyama,1,0.246,109.019,0.0892775
Euler-Maruyama,1,0.247,110.326,0.0856251
Euler-Maruyama,1,0.248,111.982,0.0886615
Euler-Maruyama,1,0.249,110.337,0.0890738
Euler-Maruyama,1,0.25,110.345,0.0897691
Euler-Maruyama,1,0.251,112.308,0.0906885
Euler-Maruyama,1,0.252,112.112,0.0993225
Euler-Maruyama,1,0.253,111.632,0.0989143
Euler-Maruyama,1,0.254,111.783,0.10099
Euler-Maruyama,1,0.255,111.449,0.101679
Euler-Maruyama,1,0.256,111.663,0.102886
Euler-Maruyama,1,0.257,112.902,0.0987355
Euler-Maruyama,1,0.258,113.795,0.101244
Euler-Maruyama,1,0.259,115.423,0.105103
Euler-Maruyama,1,0.26,116.119,0.102683
Euler-Maruyama,1,0.261,115.609,0.104789
Euler-Maruyama,1,0.262,116.411,0.107155
Euler-Maruyama,1,0.263,116.506,0.110103
Euler-Maruyama,1,0.264,117.517,0.108805
Euler-Maruyama,1,0.265,116.654,0.112455
Euler-Maruyama,1,0.266,115.776,0.111621
Euler-Maruyama,1,0.267,115.991,0.111661
Euler-Maruyama,1,0.268,117.345,0.109465
Euler-Maruyama,1,0.269,119.308,0.112898
Euler-Maruyama,1,0.27,118.062,0.107071
Euler-Maruyama,1,0.271,117.711,0.10697
Euler-Maruyama,1,0.272,118.209,0.104382
Euler-Maruyama,1,0.273,117.366,0.101247
Euler-Maruyama,1,0.274,117.728,0.103546
Euler-Maruyama,1,0.275,118.04,0.101021
Euler-Maruyama,1,0.276,117.872,0.0991481
Euler-Maruyama,1,0.277,117.996,0.0967742
Euler-Maruyama,1,0.278,115.755,0.0985701
Euler-Maruyama,1,0.279,116.589,0.101755
Euler-Maruyama,1,0.28,116.75,0.0996926
Euler-Maruyama,1,0.281,118.461,0.0965251
Euler-Maruyama,1,0.282,117.12,0.0932656
Euler-Maruyama,1,0.283,116.651,0.0962333
Euler-Maruyama,1,0.284,115.143,0.0924738
Euler-Maruyama,1,0.285,117.061,0.0924791
Euler-Maruyama,1,0.286,116.462,0.0941638
Euler-Maruyama,1,0.287,115.756,0.0968722
Euler-Maruyama,1,0.288,114.531,0.0934121
Euler-Maruyama,1,0.289,114.855,0.0902314
Euler-Maruyama,1,0.29,116.082,0.0911243
Euler-Maruyama,1,0.291,116.114,0.0874056
Euler-Maruyama,1,0.292,116.123,0.0853999
Euler-Maruyama,1,0.293,114.622,0.083066
Euler-Maruyama,1,0.294,114.344,0.0794276
Euler-Maruyama,1,0.295,114.059,0.0777961
Euler-Maruyama,1,0.296,112.444,0.0778131
Euler-Maruyama,1,0.297,112.043,0.0759092
Euler-Maruyama,1,0.298,113.415,0.0749234
Euler-Maruyama,1,0.299,114.72,0.076603
Euler-Maruyama,1,0.3,116.607,0.0760472
Euler-Maruyama,1,0.301,114.991,0.0772952
Euler-Maruyama,1,0.302,114.404,0.0759825
Euler-Maruyama,1,0.303,113.553,0.0805421
Euler-Maruyama,1,0.304,113.016,0.0767084
Euler-Maruyama,1,0.305,113.147,0.0747302
Euler-Maruyama,1,0.306,112.886,0.0781208
Euler-Maruyama,1,0.307,112.203,0.0771243
Euler-Maruyama,1,0.308,112.457,0.0770654
Euler-Maruyama,1,0.309,114.418,0.076526
Euler-Maruyama,1,0.31,113.094,0.0701791
Euler-Maruyama,1,0.311,111.442,0.0678313
Euler-Maruyama,1,0.312,111.179,0.0688347
Euler-Maruyama,1,0.313,111.425,0.0678064
Euler-Maruyama,1,0.314,110.605,0.0669518
Euler-Maruyama,1,0.315,108.271,0.0680764
Euler-Maruyama,1,0.316,108.048,0.0691816
Euler-Maruyama,1,0.317,108.489,0.067375
Euler-Maruyama,1,0.318,108.468,0.0641637
Euler-Maruyama,1,0.319,109.641,0.0642481
Euler-Maruyama,1,0.32,109.335,0.0643204
Euler-Maruyama,1,0.321,108.623,0.0653185
Euler-Maruyama,1,0.322,108.165,0.0657779
Euler-Maruyama,1,0.323,109.248,0.0673321
Euler-Maruyama,1,0.324,108.713,0.0651258
Euler-Maruyama,1,0.325,108.509,0.0678113
Euler-Maruyama,1,0.326,108.432,0.0642921
Euler-Maruyama,1,0.327,107.532,0.0608695
Euler-Maruyama,1,0.328,108.72,0.0612944
Euler-Maruyama,1,0.329,110.187,0.0617501
Euler-Maruyama,1,0.33,109.321,0.0653283
Euler-Maruyama,1,0.331,108.1,0.0592714
Euler-Maruyama,1,0.332,109.092,0.0583727
Euler-Maruyama,1,0.333,109.06,0.0612717
Euler-Maruyama,1,0.334,109.286,0.0597995
Euler-Maruyama,1,0.335,109.553,0.0542492
Euler-Maruyama,1,0.336,111.044,0.0572467
Euler-Maruyama,1,0.337,110.601,0.0551776
Euler-Maruyama,1,0.338,111.062,0.0601771
Euler-Maruyama,1,0.339,111.639,0.0573416
Euler-Maruyama,1,0.34,111.057,0.0594769
Euler-Maruyama,1,0.341,111.623,0.0616388
Euler-Maruyama,1,0.342,111.373,0.0634551
Euler-Maruyama,1,0.343,111.363,0.0611411
Euler-Maruyama,1,0.344,112.601,0.059543
Euler-Maruyama,1,0.345,113.399,0.0559816
Euler-Maruyama,1,0.346,114.101,0.0576033
Euler-Maruyama,1,0.347,115.268,0.0551762
Euler-Maruyama,1,0.348,115.017,0.0552143
Euler-Maruyama,1,0.349,114.895,0.0553056
Euler-Maruyama,1,0.35,114.168,0.054233
Euler-Maruyama,1,0.351,115.558,0.0540913
Euler-Maruyama,1,0.352,114.434,0.0537905
Euler-Maruyama,1,0.353,113.765,0.0543196
Euler-Maruyama,1,0.354,112.636,0.0541933
Euler-Maruyama,1,0.355,112.709,0.0523197
Euler-Maruyama,1,0.356,112.747,0.0516071
Euler-Maruyama,1,0.357,112.336,0.0520235
Euler-Maruyama,1,0.358,113.003,0.05294
Euler-Maruyama,1,0.359,112.98,0.0551913
Euler-Maruyama,1,0.36,113.622,0.0548137
Euler-Maruyama,1,0.361,112.724,0.0537977
Euler-Maruyama,1,0.362,113.19,0.0536736
Euler-Maruyama,1,0.363,113.177,0.0519781
Euler-Maruyama,1,0.364,112.806,0.0476432
Euler-Maruyama,1,0.365,113.182,0.0460338
Euler-Maruyama,1,0.366,113.236,0.0465085
Euler-Maruyama,1,0.367,112.13,0.0442657
Euler-Maruyama,1,0.368,111.553,0.0439013
Euler-Maruyama,1,0.369,110.526,0.0419385
Euler-Maruyama,1,0.37,111.083,0.0429044
Euler-Maruyama,1,0.371,111.284,0.041059
Euler-Maruyama,1,0.372,111.427,0.0400197
Euler-Maruyama,1,0.373,110.425,0.0412596
Euler-Maruyama,1,0.374,110.655,0.0406622
Euler-Maruyama,1,0.375,111.24,0.0393029
Euler-Maruyama,1,0.376,111.15,0.0407763
Euler-Maruyama,1,0.377,109.791,0.0398726
Euler-Maruyama,1,0.378,110.489,0.0383626
Euler-Maruyama,1,0.379,110.785,0.0389262
Euler-Maruyama,1,0.38,110.657,0.0364303
Euler-Maruyama,1,0.381,110.575,0.0373224
Euler-Maruyama,1,0.382,110.41,0.0346317
Euler-Maruyama,1,0.383,110.493,0.0320748
Euler-Maruyama,1,0.384,109.957,0.0308581
Euler-Maruyama,1,0.385,110.439,0.0281837
Euler-Maruyama,1,0.386,110.109,0.0256381
Euler-Maruyama,1,0.387,110.138,0.0215848
Euler-Maruyama,1,0.388,110.932,0.0219311
Euler-Maruyama,1,0.389,110.576,0.0244839
Euler-Maruyama,1,0.39,110.182,0.0234599
Euler-Maruyama,1,0.391,110.943,0.023825
Euler-Maruyama,1,0.392,109.549,0.0260163
Euler-Maruyama,1,0.393,110.452,0.0279156
Euler-Maruyama,1,0.394,110.461,0.0287269
Euler-Maruyama,1,0.395,109.724,0.0250397
Euler-Maruyama,1,0.396,109.158,0.0227642
Euler-Maruyama,1,0.397,108.805,0.0212635
Euler-Maruyama,1,0.398,109.571,0.0223053
Euler-Maruyama,1,0.399,110.064,0.0231842
Euler-Maruyama,1,0.4,109.302,0.0245591
Euler-Maruyama,1,0.401,109.858,0.023178
Euler-Maruyama,1,0.402,110.951,0.0239509
Euler-Maruyama,1,0.403,109.728,0.0214574
Euler-Maruyama,1,0.404,110.613,0.0213512
Euler-Maruyama,1,0.405,109.818,0.0196025
Euler-Maruyama,1,0.406,109.846,0.0219414
Euler-Maruyama,1,0.407,110.191,0.0219645
Euler-Maruyama,1,0.408,109.773,0.0205881
Euler-Maruyama,1,0.409,109.754,0.0210562
Euler-Maruyama,1,0.41,109.544,0.0214012
Euler-Maruyama,1,0.411,109.797,0.0225919
Euler-Maruyama,1,0.412,110.606,0.0219979
Euler-Maruyama,1,0.413,110.322,0.0213094
Euler-Maruyama,1,0.414,109.864,0.0215813
Euler-Maruyama,1,0.415,109.942,0.0220358
Euler-Maruyama,1,0.416,109.893,0.0221663
Euler-Maruyama,1,0.417,110.265,0.0238361
Euler-Maruyama,1,0.418,109.99,0.0221059
Euler-Maruyama,1,0.419,109.835,0.0242217
Euler-Maruyama,1,0.42,110.255,0.0243525
Euler-Maruyama,1,0.421,109.697,0.0229434
Euler-Maruyama,1,0.422,109.382,0.0214536
Euler-Maruyama,1,0.423,108.997,0.0236714
Euler-Maruyama,1,0.424,109.739,0.0241525
Euler-Maruyama,1,0.425,108.986,0.0235339
Euler-Maruyama,1,0.426,108.525,0.0232738
Euler-Maruyama,1,0.427,109.803,0.0243574
Euler-Maruyama,1,0.428,109.923,0.0268218
Euler-Maruyama,1,0.429,109.25,0.0296788
Euler-Maruyama,1,0.43,107.7,0.0275095
Euler-Maruyama,1,0.431,107.752,0.0277856
Euler-Maruyama,1,0.432,109.091,0.027183
Euler-Maruyama,1,0.433,109.12,0.0294236
Euler-Maruyama,1,0.434,109.239,0.0302544
Euler-Maruyama,1,0.435,109.251,0.029743
Euler-Maruyama,1,0.436,108.554,0.0297522
Euler-Maruyama,1,0.437,108.477,0.0295607
Euler-Maruyama,1,0.438,108.746,0.0297491
Euler-Maruyama,1,0.439,108.691,0.0271476
Euler-Maruyama,1,0.44,108.941,0.0290676
Euler-Maruyama,1,0.441,109.227,0.0272431
Euler-Maruyama,1,0.442,109.496,0.0309371
Euler-Maruyama,1,0.443,109.316,0.0305723
Euler-Maruyama,1,0.444,108.231,0.0290915
Euler-Maruyama,1,0.445,108.937,0.0301218
Euler-Maruyama,1,0.446,108.883,0.0283733
Euler-Maruyama,1,0.447,109.485,0.0286692
Euler-Maruyama,1,0.448,108.424,0.0283695
Euler-Maruyama,1,0.449,107.789,0.0300092
Euler-Maruyama,1,0.45,107.535,0.0317405
Euler-Maruyama,1,0.451,106.572,0.0302905
Euler-Maruyama,1,0.452,105.836,0.0294309
Euler-Maruyama,1,0.453,106.427,0.030147
Euler-Maruyama,1,0.454,106.765,0.0301333
Euler-Maruyama,1,0.455,107.074,0.0264682
Euler-Maruyama,1,0.456,107.395,0.028329
Euler-Maruyama,1,0.457,108.241,0.0254448
Euler-Maruyama,1,0.458,108.467,0.0289235
Euler-Maruyama,1,0.459,109.033,0.0297255
Euler-Maruyama,1,0.46,109.594,0.0296767
Euler-Maruyama,1,0.461,109.41,0.0300453
Euler-Maruyama,1,0.462,110.256,0.0292316
Euler-Maruyama,1,0.463,111.557,0.0311578
Euler-Maruyama,1,0.464,111.366,0.0316458
Euler-Maruyama,1,0.465,111.077,0.0351255
Euler-Maruyama,1,0.466,110.303,0.0359107
Euler-Maruyama,1,0.467,111.038,0.0394204
Euler-Maruyama,1,0.468,111.302,0.0428704
Euler-Maruyama,1,0.469,111.373,0.0431435
Euler-Maruyama,1,0.47,111.785,0.0401826
Euler-Maruyama,1,0.471,111.201,0.0409939
Euler-Maruyama,1,0.472,111.681,0.0395619
Euler-Maruyama,1,0.473,111.044,0.0361306
Euler-Maruyama,1,0.474,110.642,0.033412
Euler-Maruyama,1,0.475,109.383,0.0285406
Euler-Maruyama,1,0.476,108.83,0.0298934
Euler-Maruyama,1,0.477,108.406,0.0286871
Euler-Maruyama,1,0.478,108.021,0.032748
Euler-Maruyama,1,0.479,108.082,0.0339283
Euler-Maruyama,1,0.48,108.601,0.0294557
Euler-Maruyama,1,0.481,109.111,0.0309627
Euler-Maruyama,1,0.482,108.107,0.0306087
Euler-Maruyama,1,0.483,107.011,0.0315661
Euler-Maruyama,1,0.484,107.106,0.0322697
Euler-Maruyama,1,0.485,106.27,0.0319627
Euler-Maruyama,1,0.486,106.721,0.0329625
Euler-Maruyama,1,0.487,107.547,0.0323493
Euler-Maruyama,1,0.488,108.83,0.0332522
Euler-Maruyama,1,0.489,109.151,0.0334823
Euler-Maruyama,1,0.49,109.573,0.0339156
Euler-Maruyama,1,0.491,109.109,0.0356537
Euler-Maruyama,1,0.492,108.158,0.0375674
Euler-Maruyama,1,0.493,108.447,0.0378141
Euler-Maruyama,1,0.494,108.457,0.0382407
Euler-Maruyama,1,0.495,109.094,0.0425331
Euler-Maruyama,1,0.496,109.475,0.0438374
Euler-Maruyama,1,0.497,110.308,0.0419895
Euler-Maruyama,1,0.498,110.113,0.0401516
Euler-Maruyama,1,0.499,109.87,0.0413761
Euler-Maruyama,1,0.5,111.38,0.0411863
Euler-Maruyama,1,0.501,110.184,0.0423447
Euler-Maruyama,1,0.502,109.534,0.0427705
Euler-Maruyama,1,0.503,109.163,0.0452119
Euler-Maruyama,1,0.504,108.807,0.039988
Euler-Maruyama,1,0.505,109.974,0.0402127
Euler-Maruyama,1,0.506,109.924,0.0394153
Euler-Maruyama,1,0.507,110.238,0.0418345
Euler-Maruyama,1,0.508,109.513,0.0420511
Euler-Maruyama,1,0.509,110.459,0.0436161
Euler-Maruyama,1,0.51,111.158,0.0451591
Euler-Maruyama,1,0.511,111.084,0.0434214
Euler-Maruyama,1,0.512,110.561,0.0414879
Euler-Maruyama,1,0.513,110.507,0.0421024
Euler-Maruyama,1,0.514,109.523,0.0395266
Euler-Maruyama,1,0.515,110.205,0.0380581
Euler-Maruyama,1,0.516,110.347,0.0380147
Euler-Maruyama,1,0.517,110.284,0.0369554
Euler-Maruyama,1,0.518,112.118,0.0354575
Euler-Maruyama,1,0.519,112.352,0.0316299
Euler-Maruyama,1,0.52,112.664,0.0320503
Euler-Maruyama,1,0.521,112.684,0.0338904
Euler-Maruyama,1,0.522,113.035,0.0364464
Euler-Maruyama,1,0.523,113.119,0.0367569
Euler-Maruyama,1,0.524,112.265,0.0373896
Euler-Maruyama,1,0.525,112.015,0.0369492
Euler-Maruyama,1,0.526,112.145,0.039192
Euler-Maruyama,1,0.527,112.01,0.042232
Euler-Maruyama,1,0.528,113.81,0.0375006
Euler-Maruyama,1,0.529,112.656,0.0336055
Euler-Maruyama,1,0.53,113.121,0.033905
Euler-Maruyama,1,0.531,112.268,0.0373176
Euler-Maruyama,1,0.532,113.145,0.0385174
Euler-Maruyama,1,0.533,113.483,0.0377658
Euler-Maruyama,1,0.534,114.244,0.0353917
Euler-Maruyama,1,0.535,114.433,0.0342097
Euler-Maruyama,1,0.536,114.37,0.0348016
Euler-Maruyama,1,0.537,114.57,0.0358744
Euler-Maruyama,1,0.538,115.325,0.0339539
Euler-Maruyama,1,0.539,116.473,0.0353648
Euler-Maruyama,1,0.54,116.388,0.0326422
Euler-Maruyama,1,0.541,117.261,0.0315073
Euler-Maruyama,1,0.542,117.209,0.0323243
Euler-Maruyama,1,0.543,116.95,0.0336565
Euler-Maruyama,1,0.544,115.653,0.0351421
Euler-Maruyama,1,0.545,115.893,0.0379023
Euler-Maruyama,1,0.546,116.021,0.0407263
Euler-Maruyama,1,0.547,115.317,0.0392911
Euler-Maruyama,1,0.548,115.545,0.0404215
Euler-Maruyama,1,0.549,115.698,0.0405044
Euler-Maruyama,1,0.55,116.233,0.0405744
Euler-Maruyama,1,0.551,115.49,0.0406949
Euler-Maruyama,1,0.552,114.862,0.039939
Euler-Maruyama,1,0.553,116.101,0.0392004
Euler-Maruyama,1,0.554,116.025,0.0370408
Euler-Maruyama,1,0.555,117.586,0.0379925
Euler-Maruyama,1,0.556,117.028,0.042377
Euler-Maruyama,1,0.557,115.092,0.0417657
Euler-Maruyama,1,0.558,115.577,0.0418713
Euler-Maruyama,1,0.559,116.958,0.0414037
Euler-Maruyama,1,0.56,117.874,0.0415768
Euler-Maruyama,1,0.561,119.412,0.0400128
Euler-Maruyama,1,0.562,120.095,0.0424371
Euler-Maruyama,1,0.563,120.769,0.0435101
Euler-Maruyama,1,0.564,119.784,0.0404637
Euler-Maruyama,1,0.565,120.155,0.0377564
Euler-Maruyama,1,0.566,120.458,0.0377658
Euler-Maruyama,1,0.567,120.286,0.0387297
Euler-Maruyama,1,0.568,120.922,0.0396118
Euler-Maruyama,1,0.569,121.651,0.0361085
Euler-Maruyama,1,0.57,121.48,0.035545
Euler-Maruyama,1,0.571,121.37,0.037718
Euler-Maruyama,1,0.572,121.29,0.0402963
Euler-Maruyama,1,0.573,122.079,0.0413975
Euler-Maruyama,1,0.574,121.815,0.0416778
Euler-Maruyama,1,0.575,121.468,0.0424135
Euler-Maruyama,1,0.576,121.048,0.043413
Euler-Maruyama,1,0.577,121.003,0.0443745
Euler-Maruyama,1,0.578,119.526,0.0472327
Euler-Maruyama,1,0.579,120.344,0.045554
Euler-Maruyama,1,0.58,119.721,0.0437489
Euler-Maruyama,1,0.581,119.839,0.0462152
Euler-Maruyama,1,0.582,119.74,0.0455626
Euler-Maruyama,1,0.583,119.573,0.0454379
Euler-Maruyama,1,0.584,120.502,0.0443776
Euler-Maruyama,1,0.585,119.881,0.045676
Euler-Maruyama,1,0.586,120.504,0.0461611
Euler-Maruyama,1,0.587,120.506,0.0474207
Euler-Maruyama,1,0.588,120.262,0.0494997
Euler-Maruyama,1,0.589,121.802,0.049879
Euler-Maruyama,1,0.59,121.983,0.0449006
Euler-Maruyama,1,0.591,120.521,0.0436648
Euler-Maruyama,1,0.592,120.702,0.0449111
Euler-Maruyama,1,0.593,119.732,0.0456222
Euler-Maruyama,1,0.594,119.22,0.0440803
Euler-Maruyama,1,0.595,120.115,0.0451058
Euler-Maruyama,1,0.596,118.538,0.0447862
Euler-Maruyama,1,0.597,118.236,0.0469574
Euler-Maruyama,1,0.598,118.854,0.0458159
Euler-Maruyama,1,0.599,120.389,0.0462339
Euler-Maruyama,1,0.6,120.225,0.0423399
Euler-Maruyama,1,0.601,120.09,0.0405292
Euler-Maruyama,1,0.602,120.395,0.043808
Euler-Maruyama,1,0.603,121.652,0.043204
Euler-Maruyama,1,0.604,121.015,0.0436273
Euler-Maruyama,1,0.605,120.619,0.0406807
Euler-Maruyama,1,0.606,121.079,0.0397231
Euler-Maruyama,1,0.607,120.573,0.0394966
Euler-Maruyama,1,0.608,119.938,0.036111
Euler-Maruyama,1,0.609,119.469,0.0391219
Euler-Maruyama,1,0.61,120.29,0.0377925
Euler-Maruyama,1,0.611,120.258,0.0372298
Euler-Maruyama,1,0.612,119.63,0.0360604
Euler-Maruyama,1,0.613,119.119,0.0345721
Euler-Maruyama,1,0.614,119.93,0.0398361
Euler-Maruyama,1,0.615,120.5,0.0396068
Euler-Maruyama,1,0.616,120.738,0.0389793
Euler-Maruyama,1,0.617,120.923,0.0371768
Euler-Maruyama,1,0.618,120.78,0.0376348
Euler-Maruyama,1,0.619,120.978,0.0384272
Euler-Maruyama,1,0.62,121.687,0.0378281
Euler-Maruyama,1,0.621,121.541,0.0373871
Euler-Maruyama,1,0.622,122.392,0.0368755
Euler-Maruyama,1,0.623,123.964,0.0341675
Euler-Maruyama,1,0.624,124.882,0.0353668
Euler-Maruyama,1,0.625,124.879,0.0372116
Euler-Maruyama,1,0.626,125.681,0.0371947
Euler-Maruyama,1,0.627,125.762,0.0364454
Euler-Maruyama,1,0.628,126.793,0.0355549
Euler-Maruyama,1,0.629,126.16,0.0377952
Euler-Maruyama,1,0.63,126.108,0.0359121
Euler-Maruyama,1,0.631,125.477,0.0346001
Euler-Maruyama,1,0.632,126.326,0.0341175
Euler-Maruyama,1,0.633,125.211,0.0313608
Euler-Maruyama,1,0.634,125.507,0.0285517
Euler-Maruyama,1,0.635,124.675,0.0272791
Euler-Maruyama,1,0.636,125.596,0.0267391
Euler-Maruyama,1,0.637,126.112,0.0260461
Euler-Maruyama,1,0.638,126.892,0.023265
Euler-Maruyama,1,0.639,126.299,0.0229335
Euler-Maruyama,1,0.64,125.244,0.022726
Euler-Maruyama,1,0.641,125.6,0.021079
Euler-Maruyama,1,0.642,126.319,0.0198341
Euler-Maruyama,1,0.643,126.235,0.0163078
Euler-Maruyama,1,0.644,126.717,0.0154923
Euler-Maruyama,1,0.645,126.71,0.0143378
Euler-Maruyama,1,0.646,126.976,0.0147403
Euler-Maruyama,1,0.647,127.169,0.0140923
Euler-Maruyama,1,0.648,127.198,0.0123852
Euler-Maruyama,1,0.649,126.954,0.012813
Euler-Maruyama,1,0.65,126.64,0.0117428
Euler-Maruyama,1,0.651,126.944,0.0111671
Euler-Maruyama,1,0.652,126.643,0.0112175
Euler-Maruyama,1,0.653,126.994,0.0106832
Euler-Maruyama,1,0.654,125.92,0.0115677
Euler-Maruyama,1,0.655,126.37,0.0126298
Euler-Maruyama,1,0.656,126.281,0.0128975
Euler-Maruyama,1,0.657,126.388,0.0128737
Euler-Maruyama,1,0.658,126.345,0.0122547
Euler-Maruyama,1,0.659,126.281,0.0114484
Euler-Maruyama,1,0.66,126.476,0.0110858
Euler-Maruyama,1,0.661,126.557,0.0111527
Euler-Maruyama,1,0.662,126.584,0.00969709
Euler-Maruyama,1,0.663,126.883,0.00957756
Euler-Maruyama,1,0.664,127.433,0.0110383
Euler-Maruyama,1,0.665,127.747,0.0117221
Euler-Maruyama,1,0.666,127.337,0.0131407
Euler-Maruyama,1,0.667,127.578,0.016202
Euler-Maruyama,1,0.668,127.464,0.0172524
Euler-Maruyama,1,0.669,127.1,0.0181257
Euler-Maruyama,1,0.67,126.779,0.0189503
Euler-Maruyama,1,0.671,126.4,0.0199234
Euler-Maruyama,1,0.672,126.4,0.0181102
Euler-Maruyama,1,0.673,126.387,0.0200578
Euler-Maruyama,1,0.674,126.383,0.0209071
Euler-Maruyama,1,0.675,126.427,0.023302
Euler-Maruyama,1,0.676,126.394,0.0221957
Euler-Maruyama,1,0.677,125.513,0.0211072
Euler-Maruyama,1,0.678,125.685,0.0210454
Euler-Maruyama,1,0.679,126.111,0.018783
Euler-Maruyama,1,0.68,126.622,0.0206719
Euler-Maruyama,1,0.681,125.685,0.0210542
Euler-Maruyama,1,0.682,126.981,0.0219711
Euler-Maruyama,1,0.683,127.932,0.0194102
Euler-Maruyama,1,0.684,128.64,0.0189102
Euler-Maruyama,1,0.685,128.685,0.0214901
Euler-Maruyama,1,0.686,128.367,0.0207133
Euler-Maruyama,1,0.687,127.824,0.0194427
Euler-Maruyama,1,0.688,127.19,0.0194831
Euler-Maruyama,1,0.689,126.918,0.0200733
Euler-Maruyama,1,0.69,126.308,0.0181203
Euler-Maruyama,1,0.691,125.7,0.0202266
Euler-Maruyama,1,0.692,125.821,0.0225071
Euler-Maruyama,1,0.693,126.398,0.0222158
Euler-Maruyama,1,0.694,127.076,0.0211032
Euler-Maruyama,1,0.695,127.277,0.0218547
Euler-Maruyama,1,0.696,125.845,0.0238372
Euler-Maruyama,1,0.697,125.951,0.0244738
Euler-Maruyama,1,0.698,126.47,0.025288
Euler-Maruyama,1,0.699,126.935,0.0225541
Euler-Maruyama,1,0.7,126.759,0.0213412
Euler-Maruyama,1,0.701,126.967,0.0228975
Euler-Maruyama,1,0.702,127.105,0.0218141
Euler-Maruyama,1,0.703,126.625,0.0215492
Euler-Maruyama,1,0.704,127.049,0.0212199
Euler-Maruyama,1,0.705,127.025,0.021214
Euler-Maruyama,1,0.706,126.218,0.0226772
Euler-Maruyama,1,0.707,126.872,0.0224027
Euler-Maruyama,1,0.708,126.628,0.0214047
Euler-Maruyama,1,0.709,127.479,0.0223468
Euler-Maruyama,1,0.71,127.538,0.0218219
Euler-Maruyama,1,0.711,127.509,0.0223979
Euler-Maruyama,1,0.712,127.438,0.0223738
Euler-Maruyama,1,0.713,127.547,0.0226177
Euler-Maruyama,1,0.714,127.636,0.0208782
Euler-Maruyama,1,0.715,127.598,0.020937
Euler-Maruyama,1,0.716,128.809,0.0205116
Euler-Maruyama,1,0.717,128.859,0.0194899
Euler-Maruyama,1,0.718,129.926,0.0204899
Euler-Maruyama,1,0.719,129.429,0.0233555
Euler-Maruyama,1,0.72,128.858,0.0249516
Euler-Maruyama,1,0.721,128.417,0.0241237
Euler-Maruyama,1,0.722,128.096,0.0228323
Euler-Maruyama,1,0.723,127.228,0.0247296
Euler-Maruyama,1,0.724,126.213,0.0238812
Euler-Maruyama,1,0.725,125.412,0.0227669
Euler-Maruyama,1,0.726,125.341,0.021921
Euler-Maruyama,1,0.727,126.367,0.0221216
Euler-Maruyama,1,0.728,125.934,0.0217852
Euler-Maruyama,1,0.729,126,0.0248445
Euler-Maruyama,1,0.73,125.489,0.0253245
Euler-Maruyama,1,0.731,126.117,0.0280933
Euler-Maruyama,1,0.732,126.147,0.0250507
Euler-Maruyama,1,0.733,127.107,0.0245738
Euler-Maruyama,1,0.734,127.813,0.0266826
Euler-Maruyama,1,0.735,127.136,0.0274747
Euler-Maruyama,1,0.736,127.827,0.0261013
Euler-Maruyama,1,0.737,128.659,0.0250375
Euler-Maruyama,1,0.738,129.114,0.0263095
Euler-Maruyama,1,0.739,129.198,0.0245161
Euler-Maruyama,1,0.74,129.09,0.0253255
Euler-Maruyama,1,0.741,128.577,0.0255177
Euler-Maruyama,1,0.742,128.49,0.0260604
Euler-Maruyama,1,0.743,128.189,0.0260486
Euler-Maruyama,1,0.744,127.521,0.0254974
Euler-Maruyama,1,0.745,126.913,0.0275494
Euler-Maruyama,1,0.746,127.118,0.025469
Euler-Maruyama,1,0.747,126.479,0.0257401
Euler-Maruyama,1,0.748,126.794,0.0241295
Euler-Maruyama,1,0.749,126.255,0.0230573
Euler-Maruyama,1,0.75,124.994,0.0239062
Euler-Maruyama,1,0.751,125.214,0.0249002
Euler-Maruyama,1,0.752,124.885,0.026066
Euler-Maruyama,1,0.753,124.811,0.0247412
Euler-Maruyama,1,0.754,124.28,0.0256858
Euler-Maruyama,1,0.755,123.861,0.0249796
Euler-Maruyama,1,0.756,124.973,0.0235104
Euler-Maruyama,1,0.757,124.849,0.0238945
Euler-Maruyama,1,0.758,125.367,0.0241098
Euler-Maruyama,1,0.759,126.003,0.022611
Euler-Maruyama,1,0.76,126.394,0.0221918
Euler-Maruyama,1,0.761,125.873,0.0236687
Euler-Maruyama,1,0.762,125.136,0.023801
Euler-Maruyama,1,0.763,125.286,0.0241408
Euler-Maruyama,1,0.764,126.337,0.0258868
Euler-Maruyama,1,0.765,127.738,0.0278126
Euler-Maruyama,1,0.766,127.351,0.0255197
Euler-Maruyama,1,0.767,126.321,0.024195
Euler-Maruyama,1,0.768,126.216,0.0253196
Euler-Maruyama,1,0.769,125.388,0.0267279
Euler-Maruyama,1,0.77,123.768,0.027128
Euler-Maruyama,1,0.771,123.507,0.0261202
Euler-Maruyama,1,0.772,124.263,0.0236794
Euler-Maruyama,1,0.773,124.052,0.0232145
Euler-Maruyama,1,0.774,124.235,0.024835
Euler-Maruyama,1,0.775,125.073,0.0248615
Euler-Maruyama,1,0.776,125.382,0.0235976
Euler-Maruyama,1,0.777,125.68,0.021836
Euler-Maruyama,1,0.778,125.83,0.0244728
Euler-Maruyama,1,0.779,127.051,0.0248255
Euler-Maruyama,1,0.78,126.447,0.0242771
Euler-Maruyama,1,0.781,126.488,0.0253391
Euler-Maruyama,1,0.782,125.467,0.0264915
Euler-Maruyama,1,0.783,125.773,0.0262478
Euler-Maruyama,1,0.784,125.683,0.02639
Euler-Maruyama,1,0.785,125.663,0.0251558
Euler-Maruyama,1,0.786,126.199,0.0254841
Euler-Maruyama,1,0.787,126.4,0.0261324
Euler-Maruyama,1,0.788,124.697,0.0246898
Euler-Maruyama,1,0.789,123.978,0.0234875
Euler-Maruyama,1,0.79,123.319,0.021641
Euler-Maruyama,1,0.791,123.474,0.020361
Euler-Maruyama,1,0.792,123.479,0.0212165
Euler-Maruyama,1,0.793,123.25,0.0227733
Euler-Maruyama,1,0.794,123.879,0.0230811
Euler-Maruyama,1,0.795,122.969,0.0226871
Euler-Maruyama,1,0.796,123.575,0.0219367
Euler-Maruyama,1,0.797,123.435,0.0223334
Euler-Maruyama,1,0.798,123.544,0.0215437
Euler-Maruyama,1,0.799,123.231,0.0213753
Euler-Maruyama,1,0.8,123.863,0.0234247
Euler-Maruyama,1,0.801,123.593,0.022324
Euler-Maruyama,1,0.802,124.2,0.0209377
Euler-Maruyama,1,0.803,123.943,0.0190866
Euler-Maruyama,1,0.804,123.965,0.0158657
Euler-Maruyama,1,0.805,123.348,0.014531
Euler-Maruyama,1,0.806,123.161,0.0137933
Euler-Maruyama,1,0.807,122.99,0.0149608
Euler-Maruyama,1,0.808,123.077,0.0150527
Euler-Maruyama,1,0.809,123.459,0.0151283
Euler-Maruyama,1,0.81,123.213,0.016155
Euler-Maruyama,1,0.811,122.431,0.0161061
Euler-Maruyama,1,0.812,122.572,0.015442
Euler-Maruyama,1,0.813,122.882,0.0142705
Euler-Maruyama,1,0.814,122.385,0.0126909
Euler-Maruyama,1,0.815,122.531,0.013597
Euler-Maruyama,1,0.816,122.374,0.0134886
Euler-Maruyama,1,0.817,122.219,0.0139711
Euler-Maruyama,1,0.818,121.512,0.0137477
Euler-Maruyama,1,0.819,121.812,0.0126098
Euler-Maruyama,1,0.82,122.177,0.0144332
Euler-Maruyama,1,0.821,122.193,0.015892
Euler-Maruyama,1,0.822,121.9,0.0157885
Euler-Maruyama,1,0.823,122.479,0.0149973
Euler-Maruyama,1,0.824,122.784,0.015929
Euler-Maruyama,1,0.825,122.912,0.0158431
Euler-Maruyama,1,0.826,122.55,0.0145414
Euler-Maruyama,1,0.827,122.744,0.0147968
Euler-Maruyama,1,0.828,122.594,0.0161022
Euler-Maruyama,1,0.829,122.441,0.0180093
Euler-Maruyama,1,0.83,122.177,0.0180901
Euler-Maruyama,1,0.831,122.221,0.0181105
Euler-Maruyama,1,0.832,120.858,0.0172256
Euler-Maruyama,1,0.833,121.345,0.0162609
Euler-Maruyama,1,0.834,120.552,0.0174443
Euler-Maruyama,1,0.835,119.689,0.0167806
Euler-Maruyama,1,0.836,118.943,0.0156237
Euler-Maruyama,1,0.837,118.797,0.0149939
Euler-Maruyama,1,0.838,118.822,0.0167121
Euler-Maruyama,1,0.839,118.441,0.0150018
Euler-Maruyama,1,0.84,117.825,0.0144485
Euler-Maruyama,1,0.841,117.555,0.0126661
Euler-Maruyama,1,0.842,117.387,0.012429
Euler-Maruyama,1,0.843,117.407,0.0123211
Euler-Maruyama,1,0.844,116.881,0.0124938
Euler-Maruyama,1,0.845,116.778,0.0144061
Euler-Maruyama,1,0.846,116.646,0.0141918
Euler-Maruyama,1,0.847,116.236,0.0153899
Euler-Maruyama,1,0.848,116.167,0.0149313
Euler-Maruyama,1,0.849,116.26,0.0148933
Euler-Maruyama,1,0.85,116.845,0.0163033
Euler-Maruyama,1,0.851,116.98,0.0190066
Euler-Maruyama,1,0.852,117.055,0.0188282
Euler-Maruyama,1,0.853,117.318,0.0196429
Euler-Maruyama,1,0.854,116.899,0.0191018
Euler-Maruyama,1,0.855,117.57,0.0201752
Euler-Maruyama,1,0.856,117.931,0.0195718
Euler-Maruyama,1,0.857,117.649,0.0208111
Euler-Maruyama,1,0.858,117.067,0.0209646
Euler-Maruyama,1,0.859,116.222,0.0199544
Euler-Maruyama,1,0.86,115.99,0.018969
Euler-Maruyama,1,0.861,116.054,0.0207501
Euler-Maruyama,1,0.862,115.784,0.019599
Euler-Maruyama,1,0.863,115.266,0.0183347
Euler-Maruyama,1,0.864,115.519,0.0186872
Euler-Maruyama,1,0.865,116.339,0.020547
Euler-Maruyama,1,0.866,117.086,0.0198952
Euler-Maruyama,1,0.867,116.438,0.0222766
Euler-Maruyama,1,0.868,116.299,0.0224276
Euler-Maruyama,1,0.869,115.219,0.0222893
Euler-Maruyama,1,0.87,115.485,0.0192453
Euler-Maruyama,1,0.871,114.776,0.016694
Euler-Maruyama,1,0.872,115.02,0.0155055
Euler-Maruyama,1,0.873,114.57,0.0144415
Euler-Maruyama,1,0.874,113.523,0.0138892
Euler-Maruyama,1,0.875,113.169,0.011946
Euler-Maruyama,1,0.876,112.346,0.0123811
Euler-Maruyama,1,0.877,111.713,0.0119798
Euler-Maruyama,1,0.878,112.027,0.0117834
Euler-Maruyama,1,0.879,112.056,0.0128608
Euler-Maruyama,1,0.88,111.499,0.0132206
Euler-Maruyama,1,0.881,111.37,0.0123831
Euler-Maruyama,1,0.882,112.044,0.0122056
Euler-Maruyama,1,0.883,111.755,0.0111384
Euler-Maruyama,1,0.884,110.918,0.00937952
Euler-Maruyama,1,0.885,110.966,0.00923342
Euler-Maruyama,1,0.886,111.342,0.0104344
Euler-Maruyama,1,0.887,111.112,0.0102143
Euler-Maruyama,1,0.888,110.977,0.0109139
Euler-Maruyama,1,0.889,110.044,0.0110462
Euler-Maruyama,1,0.89,110.288,0.00958543
Euler-Maruyama,1,0.891,109.719,0.00970018
Euler-Maruyama,1,0.892,109.282,0.0103542
Euler-Maruyama,1,0.893,109.221,0.0098398
Euler-Maruyama,1,0.894,109.309,0.0093639
Euler-Maruyama,1,0.895,109.519,0.00900875
Euler-Maruyama,1,0.896,109.498,0.00819617
Euler-Maruyama,1,0.897,109.589,0.00788746
Euler-Maruyama,1,0.898,109.146,0.00935099
Euler-Maruyama,1,0.899,109.165,0.00792218
Euler-Maruyama,1,0.9,109.112,0.00836411
Euler-Maruyama,1,0.901,109.467,0.00979999
Euler-Maruyama,1,0.902,110.113,0.00915932
Euler-Maruyama,1,0.903,109.598,0.00934548
Euler-Maruyama,1,0.904,109.516,0.00902133
Euler-Maruyama,1,0.905,109.426,0.00888195
Euler-Maruyama,1,0.906,109.829,0.00926132
Euler-Maruyama,1,0.907,110.189,0.010085
Euler-Maruyama,1,0.908,109.813,0.010989
Euler-Maruyama,1,0.909,109.66,0.00996805
Euler-Maruyama,1,0.91,109.524,0.0100438
Euler-Maruyama,1,0.911,109.783,0.009935
Euler-Maruyama,1,0.912,109.815,0.00931072
Euler-Maruyama,1,0.913,109.77,0.00965591
Euler-Maruyama,1,0.914,109.887,0.00984691
Euler-Maruyama,1,0.915,109.811,0.00987114
Euler-Maruyama,1,0.916,109.387,0.010151
Euler-Maruyama,1,0.917,109.008,0.00953826
Euler-Maruyama,1,0.918,109.453,0.00861071
Euler-Maruyama,1,0.919,109.046,0.00931337
Euler-Maruyama,1,0.92,109.602,0.00727235
Euler-Maruyama,1,0.921,109.707,0.00654225
Euler-Maruyama,1,0.922,109.699,0.00656248
Euler-Maruyama,1,0.923,109.85,0.0069281
Euler-Maruyama,1,0.924,109.529,0.00781087
Euler-Maruyama,1,0.925,109.562,0.00883628
Euler-Maruyama,1,0.926,109.084,0.0099129
Euler-Maruyama,1,0.927,108.391,0.0102394
Euler-Maruyama,1,0.928,107.747,0.0093138
Euler-Maruyama,1,0.929,107.515,0.011032
Euler-Maruyama,1,0.93,107.156,0.0112518
Euler-Maruyama,1,0.931,107.261,0.00918821
Euler-Maruyama,1,0.932,107.347,0.00811517
Euler-Maruyama,1,0.933,107.713,0.00861805
Euler-Maruyama,1,0.934,108.22,0.00991299
Euler-Maruyama,1,0.935,108.107,0.00865115
Euler-Maruyama,1,0.936,108.282,0.0084311
Euler-Maruyama,1,0.937,108.127,0.00866719
Euler-Maruyama,1,0.938,107.724,0.00915119
Euler-Maruyama,1,0.939,108.411,0.00976994
Euler-Maruyama,1,0.94,108.214,0.00960659
Euler-Maruyama,1,0.941,108.791,0.00712914
Euler-Maruyama,1,0.942,109.301,0.00767324
Euler-Maruyama,1,0.943,109.589,0.00791004
Euler-Maruyama,1,0.944,109.944,0.00858712
Euler-Maruyama,1,0.945,110.237,0.0074905
Euler-Maruyama,1,0.946,110.2,0.00756265
Euler-Maruyama,1,0.947,110.04,0.00802442
Euler-Maruyama,1,0.948,110.251,0.00875881
Euler-Maruyama,1,0.949,110.381,0.00756176
Euler-Maruyama,1,0.95,110.081,0.00773856
Euler-Maruyama,1,0.951,110.309,0.00730853
Euler-Maruyama,1,0.952,110.909,0.00810664
Euler-Maruyama,1,0.953,111.57,0.0066686
Euler-Maruyama,1,0.954,111.122,0.00630186
Euler-Maruyama,1,0.955,111.158,0.00673811
Euler-Maruyama,1,0.956,111.367,0.00792311
Euler-Maruyama,1,0.957,111.331,0.00753734
Euler-Maruyama,1,0.958,111.55,0.00727152
Euler-Maruyama,1,0.959,111.487,0.00674921
Euler-Maruyama,1,0.96,111.221,0.00625866
Euler-Maruyama,1,0.961,111.272,0.00651345
Euler-Maruyama,1,0.962,111.065,0.00770754
Euler-Maruyama,1,0.963,111.044,0.00721834
Euler-Maruyama,1,0.964,110.764,0.00675181
Euler-Maruyama,1,0.965,110.694,0.00690236
Euler-Maruyama,1,0.966,110.731,0.00705167
Euler-Maruyama,1,0.967,110.544,0.00677476
Euler-Maruyama,1,0.968,110.814,0.00695789
Euler-Maruyama,1,0.969,110.012,0.00582374
Euler-Maruyama,1,0.97,110.256,0.00592708
Euler-Maruyama,1,0.971,110.397,0.00585177
Euler-Maruyama,1,0.972,110.231,0.00747176
Euler-Maruyama,1,0.973,110.619,0.00627458
Euler-Maruyama,1,0.974,110.32,0.00670455
Euler-Maruyama,1,0.975,110.346,0.00761492
Euler-Maruyama,1,0.976,110.364,0.00795326
Euler-Maruyama,1,0.977,109.961,0.00889171
Euler-Maruyama,1,0.978,109.617,0.0099487
Euler-Maruyama,1,0.979,110.01,0.0108256
Euler-Maruyama,1,0.98,109.787,0.0110926
Euler-Maruyama,1,0.981,109.478,0.0125126
Euler-Maruyama,1,0.982,109.008,0.0123479
Euler-Maruyama,1,0.983,109.457,0.0098783
Euler-Maruyama,1,0.984,108.93,0.010191
Euler-Maruyama,1,0.985,108.955,0.0123405
Euler-Maruyama,1,0.986,109.124,0.0120982
Euler-Maruyama,1,0.987,110.016,0.0132729
Euler-Maruyama,1,0.988,109.732,0.0109239
Euler-Maruyama,1,0.989,110.054,0.0115514
Euler-Maruyama,1,0.99,110.62,0.0126505
Euler-Maruyama,1,0.991,112.035,0.012216
Euler-Maruyama,1,0.992,112.186,0.0107563
Euler-Maruyama,1,0.993,112.636,0.012308
Euler-Maruyama,1,0.994,113.372,0.0117646
Euler-Maruyama,1,0.995,113.475,0.0108573
Euler-Maruyama,1,0.996,113.444,0.0110045
Euler-Maruyama,1,0.997,113.547,0.0106515
Euler-Maruyama,1,0.998,113.138,0.00985434
Euler-Maruyama,1,0.999,113.435,0.00889619
Euler-Maruyama,1,1,113.695,0.00872291
Euler-Maruyama,2,0,100,0.04
Euler-Maruyama,2,0.001,99.6309,0.0401563
Euler-Maruyama,2,0.002,99.7774,0.0395966
Euler-Maruyama,2,0.003,98.9937,0.038381
Euler-Maruyama,2,0.004,98.574,0.0355069
Euler-Maruyama,2,0.005,97.932,0.03367
Euler-Maruyama,2,0.006,98.6536,0.0362701
Euler-Maruyama,2,0.007,98.8554,0.037487
Euler-Maruyama,2,0.008,97.939,0.0388346
Euler-Maruyama,2,0.009,98.2291,0.0395428
Euler-Maruyama,2,0.01,98.0165,0.0379895
Euler-Maruyama,2,0.011,98.8311,0.0396274
Euler-Maruyama,2,0.012,98.1448,0.0387348
Euler-Maruyama,2,0.013,98.956,0.0378535
Euler-Maruyama,2,0.014,98.4821,0.0379644
Euler-Maruyama,2,0.015,98.8475,0.0424277
Euler-Maruyama,2,0.016,97.7543,0.0449781
Euler-Maruyama,2,0.017,97.7093,0.0460263
Euler-Maruyama,2,0.018,97.6658,0.0441677
Euler-Maruyama,2,0.019,97.8878,0.0465285
Euler-Maruyama,2,0.02,98.8357,0.047673
Euler-Maruyama,2,0.021,99.8243,0.0499268
Euler-Maruyama,2,0.022,99.6058,0.049147
Euler-Maruyama,2,0.023,99.0384,0.0455279
Euler-Maruyama,2,0.024,99.1267,0.0459725
Euler-Maruyama,2,0.025,99.4803,0.0437611
Euler-Maruyama,2,0.026,100.387,0.0449638
Euler-Maruyama,2,0.027,100.497,0.0474761
Euler-Maruyama,2,0.028,100.84,0.0501028
Euler-Maruyama,2,0.029,100.003,0.047609
Euler-Maruyama,2,0.03,100.839,0.0456681
Euler-Maruyama,2,0.031,99.6759,0.0425474
Euler-Maruyama,2,0.032,99.9283,0.0444538
Euler-Maruyama,2,0.033,98.911,0.0422812
Euler-Maruyama,2,0.034,98.6417,0.0443531
Euler-Maruyama,2,0.035,99.0296,0.0427271
Euler-Maruyama,2,0.036,98.611,0.0437851
Euler-Maruyama,2,0.037,98.535,0.0414156
Euler-Maruyama,2,0.038,98.9702,0.0399679
Euler-Maruyama,2,0.039,98.4699,0.0364743
Euler-Maruyama,2,0.04,98.2423,0.0365496
Euler-Maruyama,2,0.041,98.161,0.0368816
Euler-Maruyama,2,0.042,98.5147,0.0365567
Euler-Maruyama,2,0.043,98.7634,0.0365412
Euler-Maruyama,2,0.044,99.4313,0.0348629
Euler-Maruyama,2,0.045,99.538,0.0351588
Euler-Maruyama,2,0.046,99.3914,0.0346222
Euler-Maruyama,2,0.047,99.2305,0.0349499
Euler-Maruyama,2,0.048,99.7208,0.034873
Euler-Maruyama,2,0.049,99.8401,0.0359558
Euler-Maruyama,2,0.05,100.065,0.0342784
Euler-Maruyama,2,0.051,98.9959,0.0348682
Euler-Maruyama,2,0.052,97.6882,0.0303846
Euler-Maruyama,2,0.053,97.7897,0.0320397
Euler-Maruyama,2,0.054,98.0019,0.031541
Euler-Maruyama,2,0.055,97.9683,0.0315837
Euler-Maruyama,2,0.056,98.1418,0.0292473
Euler-Maruyama,2,0.057,98.1964,0.0304575
Euler-Maruyama,2,0.058,98.7743,0.0309422
Euler-Maruyama,2,0.059,98.6802,0.03292
Euler-Maruyama,2,0.06,98.1157,0.0298201
Euler-Maruyama,2,0.061,98.6713,0.0291212
Euler-Maruyama,2,0.062,98.5991,0.027307
Euler-Maruyama,2,0.063,99.3,0.0294717
Euler-Maruyama,2,0.064,99.0028,0.0298472
Euler-Maruyama,2,0.065,98.5418,0.0287355
Euler-Maruyama,2,0.066,97.8153,0.0301761
Euler-Maruyama,2,0.067,97.7232,0.0275157
Euler-Maruyama,2,0.068,97.8534,0.0267117
Euler-Maruyama,2,0.069,97.4093,0.0261584
Euler-Maruyama,2,0.07,97.4749,0.0254414
Euler-Maruyama,2,0.071,97.2185,0.0286182
Euler-Maruyama,2,0.072,97.4337,0.0329841
Euler-Maruyama,2,0.073,97.4907,0.0320571
Euler-Maruyama,2,0.074,96.4997,0.035384
Euler-Maruyama,2,0.075,96.2732,0.0335512
Euler-Maruyama,2,0.076,95.9671,0.0342177
Euler-Maruyama,2,0.077,95.8985,0.0308534
Euler-Maruyama,2,0.078,96.5946,0.0306486
Euler-Maruyama,2,0.079,96.7514,0.0312364
Euler-Maruyama,2,0.08,97.6086,0.0325617
Euler-Maruyama,2,0.081,97.6139,0.032491
Euler-Maruyama,2,0.082,98.3857,0.030027
Euler-Maruyama,2,0.083,97.8238,0.0305189
Euler-Maruyama,2,0.084,98.7199,0.0289268
Euler-Maruyama,2,0.085,99.1051,0.0289143
Euler-Maruyama,2,0.086,99.1442,0.0283151
Euler-Maruyama,2,0.087,99.808,0.0297421
Euler-Maruyama,2,0.088,100.427,0.0261213
Euler-Maruyama,2,0.089,100.793,0.027187
Euler-Maruyama,2,0.09,100.738,0.0281393
Euler-Maruyama,2,0.091,100.998,0.0272301
Euler-Maruyama,2,0.092,100.611,0.0237871
Euler-Maruyama,2,0.093,100.665,0.0221757
Euler-Maruyama,2,0.094,100.9,0.0217959
Euler-Maruyama,2,0.095,100.751,0.021953
Euler-Maruyama,2,0.096,100.837,0.0240838
Euler-Maruyama,2,0.097,100.448,0.0233096
Euler-Maruyama,2,0.098,100.024,0.0229062
Euler-Maruyama,2,0.099,100.059,0.0242065
Euler-Maruyama,2,0.1,100.153,0.0262112
Euler-Maruyama,2,0.101,99.8609,0.0288125
Euler-Maruyama,2,0.102,100.105,0.0291847
Euler-Maruyama,2,0.103,99.7542,0.0266446
Euler-Maruyama,2,0.104,99.6332,0.0266381
Euler-Maruyama,2,0.105,99.6306,0.0278821
Euler-Maruyama,2,0.106,99.3542,0.0302642
Euler-Maruyama,2,0.107,100.058,0.0276045
Euler-Maruyama,2,0.108,100.146,0.0255546
Euler-Maruyama,2,0.109,99.6428,0.0268518
Euler-Maruyama,2,0.11,99.5395,0.0251877
Euler-Maruyama,2,0.111,100.536,0.0251783
Euler-Maruyama,2,0.112,100.65,0.0220649
Euler-Maruyama,2,0.113,100.137,0.022864
Euler-Maruyama,2,0.114,99.6224,0.0224047
Euler-Maruyama,2,0.115,100.688,0.0233753
Euler-Maruyama,2,0.116,101.16,0.0229796
Euler-Maruyama,2,0.117,100.85,0.020104
Euler-Maruyama,2,0.118,100.968,0.0215852
Euler-Maruyama,2,0.119,100.63,0.0212682
Euler-Maruyama,2,0.12,101.468,0.0204191
Euler-Maruyama,2,0.121,101.494,0.0208096
Euler-Maruyama,2,0.122,101.288,0.0183337
Euler-Maruyama,2,0.123,102.244,0.01827
Euler-Maruyama,2,0.124,102.064,0.0178194
Euler-Maruyama,2,0.125,102.132,0.0166563
Euler-Maruyama,2,0.126,101.326,0.0177231
Euler-Maruyama,2,0.127,100.769,0.0163817
Euler-Maruyama,2,0.128,100.781,0.0191546
Euler-Maruyama,2,0.129,100.459,0.0189411
Euler-Maruyama,2,0.13,99.7418,0.0173301
Euler-Maruyama,2,0.131,99.834,0.0176598
Euler-Maruyama,2,0.132,99.8084,0.0157415
Euler-Maruyama,2,0.133,99.897,0.0146014
Euler-Maruyama,2,0.134,99.4698,0.0159456
Euler-Maruyama,2,0.135,99.4672,0.0177227
Euler-Maruyama,2,0.136,100.241,0.0172217
Euler-Maruyama,2,0.137,99.4942,0.0175836
Euler-Maruyama,2,0.138,100.427,0.0156246
Euler-Maruyama,2,0.139,100.75,0.0159286
Euler-Maruyama,2,0.14,100.866,0.0150527
Euler-Maruyama,2,0.141,100.632,0.0164124
Euler-Maruyama,2,0.142,100.617,0.0154851
Euler-Maruyama,2,0.143,100.939,0.0153952
Euler-Maruyama,2,0.144,101.496,0.0129916
Euler-Maruyama,2,0.145,101.046,0.0132359
Euler-Maruyama,2,0.146,100.417,0.0134806
Euler-Maruyama,2,0.147,100.622,0.0135429
Euler-Maruyama,2,0.148,101.145,0.0143111
Euler-Maruyama,2,0.149,100.757,0.0149756
Euler-Maruyama,2,0.15,100.71,0.0140585
Euler-Maruyama,2,0.151,101.057,0.0127067
Euler-Maruyama,2,0.152,102.173,0.0136453
Euler-Maruyama,2,0.153,102.304,0.014419
Euler-Maruyama,2,0.154,101.803,0.0136313
Euler-Maruyama,2,0.155,101.844,0.0118617
Euler-Maruyama,2,0.156,102.29,0.0116975
Euler-Maruyama,2,0.157,102.173,0.0128593
Euler-Maruyama,2,0.158,101.457,0.0139437
Euler-Maruyama,2,0.159,101.568,0.0142147
Euler-Maruyama,2,0.16,101.259,0.0141381
Euler-Maruyama,2,0.161,100.593,0.0159211
Euler-Maruyama,2,0.162,101.289,0.0164493
Euler-Maruyama,2,0.163,101.54,0.0153804
Euler-Maruyama,2,0.164,101.232,0.0142232
Euler-Maruyama,2,0.165,101.283,0.0129267
Euler-Maruyama,2,0.166,101.858,0.0125822
Euler-Maruyama,2,0.167,101.216,0.0129618
Euler-Maruyama,2,0.168,101.1,0.0150226
Euler-Maruyama,2,0.169,100.59,0.0148782
Euler-Maruyama,2,0.17,100.451,0.013086
Euler-Maruyama,2,0.171,100.032,0.0133073
Euler-Maruyama,2,0.172,100.253,0.0136591
Euler-Maruyama,2,0.173,100.27,0.0131862
Euler-Maruyama,2,0.174,100.076,0.0132135
Euler-Maruyama,2,0.175,99.8904,0.0148235
Euler-Maruyama,2,0.176,100.063,0.0138191
Euler-Maruyama,2,0.177,99.5074,0.0150032
Euler-Maruyama,2,0.178,99.808,0.0165362
Euler-Maruyama,2,0.179,99.98,0.0173614
Euler-Maruyama,2,0.18,100.323,0.0164771
Euler-Maruyama,2,0.181,99.6923,0.0181152
Euler-Maruyama,2,0.182,99.7648,0.015063
Euler-Maruyama,2,0.183,98.7085,0.0151168
Euler-Maruyama,2,0.184,98.8953,0.0149697
Euler-Maruyama,2,0.185,99.0228,0.0145795
Euler-Maruyama,2,0.186,99.6953,0.0143711
Euler-Maruyama,2,0.187,99.4847,0.0146576
Euler-Maruyama,2,0.188,99.8204,0.0155331
Euler-Maruyama,2,0.189,99.3311,0.0134298
Euler-Maruyama,2,0.19,99.4156,0.0133233
Euler-Maruyama,2,0.191,99.3251,0.014455
Euler-Maruyama,2,0.192,98.8318,0.0162657
Euler-Maruyama,2,0.193,98.5554,0.0149079
Euler-Maruyama,2,0.194,97.9044,0.0151173
Euler-Maruyama,2,0.195,98.6847,0.0158275
Euler-Maruyama,2,0.196,98.9917,0.0167215
Euler-Maruyama,2,0.197,98.9863,0.0147764
Euler-Maruyama,2,0.198,98.5439,0.0144779
Euler-Maruyama,2,0.199,98.5116,0.0147109
Euler-Maruyama,2,0.2,98.9043,0.0168757
Euler-Maruyama,2,0.201,98.7346,0.0180732
Euler-Maruyama,2,0.202,97.9323,0.0160271
Euler-Maruyama,2,0.203,98.0121,0.0182361
Euler-Maruyama,2,0.204,97.4967,0.0162495
Euler-Maruyama,2,0.205,97.249,0.0171145
Euler-Maruyama,2,0.206,97.2905,0.0174938
Euler-Maruyama,2,0.207,96.9506,0.0167913
Euler-Maruyama,2,0.208,97.7021,0.0150813
Euler-Maruyama,2,0.209,97.5831,0.0168338
Euler-Maruyama,2,0.21,97.5169,0.0160551
Euler-Maruyama,2,0.211,97.5509,0.0169191
Euler-Maruyama,2,0.212,97.0905,0.015538
Euler-Maruyama,2,0.213,98.0619,0.016641
Euler-Maruyama,2,0.214,98.7309,0.0165044
Euler-Maruyama,2,0.215,99.5578,0.0161818
Euler-Maruyama,2,0.216,99.0439,0.0157208
Euler-Maruyama,2,0.217,98.5186,0.0145958
Euler-Maruyama,2,0.218,98.7207,0.0159991
Euler-Maruyama,2,0.219,98.9433,0.0161103
Euler-Maruyama,2,0.22,99.1525,0.0162533
Euler-Maruyama,2,0.221,99.1212,0.0158356
Euler-Maruyama,2,0.222,99.8038,0.0179634
Euler-Maruyama,2,0.223,99.9373,0.0191104
Euler-Maruyama,2,0.224,100.175,0.0176587
Euler-Maruyama,2,0.225,100.51,0.0171973
Euler-Maruyama,2,0.226,101.18,0.0197879
Euler-Maruyama,2,0.227,101.407,0.0207869
Euler-Maruyama,2,0.228,101.412,0.0199087
Euler-Maruyama,2,0.229,100.932,0.0206452
Euler-Maruyama,2,0.23,101.191,0.0181157
Euler-Maruyama,2,0.231,101.223,0.0176123
Euler-Maruyama,2,0.232,101.283,0.0172508
Euler-Maruyama,2,0.233,100.843,0.0172598
Euler-Maruyama,2,0.234,101.536,0.0174727
Euler-Maruyama,2,0.235,100.551,0.0179209
Euler-Maruyama,2,0.236,100.096,0.0181608
Euler-Maruyama,2,0.237,100.063,0.0180076
Euler-Maruyama,2,0.238,100.524,0.0159199
Euler-Maruyama,2,0.239,100.154,0.015369
Euler-Maruyama,2,0.24,100.64,0.0146688
Euler-Maruyama,2,0.241,99.9327,0.0154417
Euler-Maruyama,2,0.242,99.2599,0.0150988
Euler-Maruyama,2,0.243,99.6961,0.01401
Euler-Maruyama,2,0.244,99.8498,0.0150681
Euler-Maruyama,2,0.245,99.3286,0.0148947
Euler-Maruyama,2,0.246,99.2931,0.0165452
Euler-Maruyama,2,0.247,99.1362,0.0149891
Euler-Maruyama,2,0.248,99.2324,0.0132404
Euler-Maruyama,2,0.249,99.2101,0.0137109
Euler-Maruyama,2,0.25,99.4019,0.0129986
Euler-Maruyama,2,0.251,99.0528,0.0104568
Euler-Maruyama,2,0.252,98.9585,0.0106114
Euler-Maruyama,2,0.253,98.9668,0.00923829
Euler-Maruyama,2,0.254,98.7546,0.010477
Euler-Maruyama,2,0.255,98.5193,0.011405
Euler-Maruyama,2,0.256,98.7273,0.0121235
Euler-Maruyama,2,0.257,98.8996,0.0123829
Euler-Maruyama,2,0.258,98.502,0.0118255
Euler-Maruyama,2,0.259,99.2854,0.0118602
Euler-Maruyama,2,0.26,98.9122,0.0126843
Euler-Maruyama,2,0.261,99.0678,0.0104031
Euler-Maruyama,2,0.262,99.3061,0.011033
Euler-Maruyama,2,0.263,99.1972,0.0118454
Euler-Maruyama,2,0.264,99.6378,0.0119812
Euler-Maruyama,2,0.265,100.082,0.0112581
Euler-Maruyama,2,0.266,100.283,0.0111463
Euler-Maruyama,2,0.267,100.592,0.00914586
Euler-Maruyama,2,0.268,100.679,0.00719708
Euler-Maruyama,2,0.269,101.097,0.00709675
Euler-Maruyama,2,0.27,101.061,0.00618738
Euler-Maruyama,2,0.271,100.813,0.00533497
Euler-Maruyama,2,0.272,100.875,0.00558786
Euler-Maruyama,2,0.273,100.991,0.00494988
Euler-Maruyama,2,0.274,100.765,0.00474617
Euler-Maruyama,2,0.275,100.981,0.00612827
Euler-Maruyama,2,0.276,101.099,0.00634086
Euler-Maruyama,2,0.277,101.07,0.0065244
Euler-Maruyama,2,0.278,101.074,0.0054297
Euler-Maruyama,2,0.279,101.201,0.00494589
Euler-Maruyama,2,0.28,101.255,0.0045377
Euler-Maruyama,2,0.281,100.832,0.00541474
Euler-Maruyama,2,0.282,100.84,0.00588765
Euler-Maruyama,2,0.283,100.98,0.00573184
Euler-Maruyama,2,0.284,100.741,0.00474667
Euler-Maruyama,2,0.285,100.447,0.00469093
Euler-Maruyama,2,0.286,100.103,0.00424778
Euler-Maruyama,2,0.287,100.139,0.00466791
Euler-Maruyama,2,0.288,99.9279,0.00434508
Euler-Maruyama,2,0.289,99.9846,0.00307716
Euler-Maruyama,2,0.29,100.511,0.00328654
Euler-Maruyama,2,0.291,100.071,0.00333687
Euler-Maruyama,2,0.292,100.101,0.00336843
Euler-Maruyama,2,0.293,99.8774,0.00340887
Euler-Maruyama,2,0.294,100.067,0.00423242
Euler-Maruyama,2,0.295,100.463,0.00444424
Euler-Maruyama,2,0.296,100.325,0.00364914
Euler-Maruyama,2,0.297,100.359,0.00342776
Euler-Maruyama,2,0.298,100.221,0.00279985
Euler-Maruyama,2,0.299,100.062,0.00173134
Euler-Maruyama,2,0.3,100.329,0.00226405
Euler-Maruyama,2,0.301,100.047,0.00236711
Euler-Maruyama,2,0.302,99.995,0.00256789
Euler-Maruyama,2,0.303,99.7874,0.00203107
Euler-Maruyama,2,0.304,99.7342,0.00136362
Euler-Maruyama,2,0.305,99.6288,0.00145322
Euler-Maruyama,2,0.306,99.6236,0.00176492
Euler-Maruyama,2,0.307,99.6786,0.0012661
Euler-Maruyama,2,0.308,99.6608,0.000976291
Euler-Maruyama,2,0.309,99.745,0.00106762
Euler-Maruyama,2,0.31,99.6954,0.00148287
Euler-Maruyama,2,0.311,99.5747,0.0012035
Euler-Maruyama,2,0.312,99.7551,0.00158717
Euler-Maruyama,2,0.313,99.7489,0.00163798
Euler-Maruyama,2,0.314,99.5473,0.00113352
Euler-Maruyama,2,0.315,99.4574,0.0013953
Euler-Maruyama,2,0.316,99.6679,0.00142473
Euler-Maruyama,2,0.317,99.6278,0.00107212
Euler-Maruyama,2,0.318,99.4237,0.000583776
Euler-Maruyama,2,0.319,99.4633,0.000540532
Euler-Maruyama,2,0.32,99.4142,0.000453874
Euler-Maruyama,2,0.321,99.4633,0.000804175
Euler-Maruyama,2,0.322,99.3599,0.000792188
Euler-Maruyama,2,0.323,99.2988,0.00102573
Euler-Maruyama,2,0.324,99.2205,0.000584273
Euler-Maruyama,2,0.325,99.1329,0.000625962
Euler-Maruyama,2,0.326,99.1799,0.000483996
Euler-Maruyama,2,0.327,99.15,0.000607087
Euler-Maruyama,2,0.328,99.2856,0.000515633
Euler-Maruyama,2,0.329,99.394,0.000501835
Euler-Maruyama,2,0.33,99.3823,0.000425037
Euler-Maruyama,2,0.331,99.3448,0.000380604
Euler-Maruyama,2,0.332,99.3566,0.000437693
Euler-Maruyama,2,0.333,99.3644,0.000483588
Euler-Maruyama,2,0.334,99.3106,0.000737591
Euler-Maruyama,2,0.335,99.3148,0.00118808
Euler-Maruyama,2,0.336,99.3471,0.00112679
Euler-Maruyama,2,0.337,99.4796,0.00140228
Euler-Maruyama,2,0.338,99.2991,0.00143281
Euler-Maruyama,2,0.339,99.4968,0.00126504
Euler-Maruyama,2,0.34,99.7198,0.00137698
Euler-Maruyama,2,0.341,99.747,0.00130144
Euler-Maruyama,2,0.342,99.6654,0.00118792
Euler-Maruyama,2,0.343,99.7267,0.00104492
Euler-Maruyama,2,0.344,99.815,0.00147353
Euler-Maruyama,2,0.345,99.8389,0.00173845
Euler-Maruyama,2,0.346,99.8444,0.00249541
Euler-Maruyama,2,0.347,99.7043,0.00234454
Euler-Maruyama,2,0.348,99.7715,0.0029107
Euler-Maruyama,2,0.349,99.9201,0.00359182
Euler-Maruyama,2,0.35,100.09,0.00312334
Euler-Maruyama,2,0.351,100.287,0.00417505
Euler-Maruyama,2,0.352,100.09,0.00362927
Euler-Maruyama,2,0.353,100.522,0.00367947
Euler-Maruyama,2,0.354,100.388,0.00353731
Euler-Maruyama,2,0.355,100.286,0.00331309
Euler-Maruyama,2,0.356,100.445,0.00368901
Euler-Maruyama,2,0.357,100.2,0.0037363
Euler-Maruyama,2,0.358,99.9153,0.00536791
Euler-Maruyama,2,0.359,100.17,0.00595688
Euler-Maruyama,2,0.36,100.118,0.00515619
Euler-Maruyama,2,0.361,100.101,0.00584
Euler-Maruyama,2,0.362,99.6322,0.00449456
Euler-Maruyama,2,0.363,99.6906,0.00340642
Euler-Maruyama,2,0.364,99.5529,0.0034517
Euler-Maruyama,2,0.365,99.1921,0.0041682
Euler-Maruyama,2,0.366,99.5166,0.00383624
Euler-Maruyama,2,0.367,99.8551,0.0036558
Euler-Maruyama,2,0.368,99.9965,0.00408094
Euler-Maruyama,2,0.369,99.9058,0.004199
Euler-Maruyama,2,0.37,99.8765,0.00431554
Euler-Maruyama,2,0.371,100.156,0.00478614
Euler-Maruyama,2,0.372,100.275,0.00537635
Euler-Maruyama,2,0.373,100.006,0.00686692
Euler-Maruyama,2,0.374,100.08,0.00680338
Euler-Maruyama,2,0.375,100.15,0.00750831
Euler-Maruyama,2,0.376,100.06,0.0074433
Euler-Maruyama,2,0.377,100.188,0.00655777
Euler-Maruyama,2,0.378,100.16,0.00727748
Euler-Maruyama,2,0.379,99.3527,0.00810604
Euler-Maruyama,2,0.38,99.326,0.00862153
Euler-Maruyama,2,0.381,99.4454,0.00836495
Euler-Maruyama,2,0.382,99.1582,0.0072827
Euler-Maruyama,2,0.383,99.1538,0.00799686
Euler-Maruyama,2,0.384,98.8253,0.00792881
Euler-Maruyama,2,0.385,98.8001,0.00782661
Euler-Maruyama,2,0.386,99.2124,0.00765699
Euler-Maruyama,2,0.387,99.5235,0.00883172
Euler-Maruyama,2,0.388,99.25,0.00940008
Euler-Maruyama,2,0.389,99.2351,0.0113895
Euler-Maruyama,2,0.39,99.777,0.0119424
Euler-Maruyama,2,0.391,99.8303,0.0102131
Euler-Maruyama,2,0.392,100.053,0.0101238
Euler-Maruyama,2,0.393,99.729,0.0110458
Euler-Maruyama,2,0.394,99.683,0.0109135
Euler-Maruyama,2,0.395,99.7616,0.00911301
Euler-Maruyama,2,0.396,99.9824,0.00943643
Euler-Maruyama,2,0.397,99.7262,0.00986326
Euler-Maruyama,2,0.398,100.072,0.0107984
Euler-Maruyama,2,0.399,99.3799,0.0100738
Euler-Maruyama,2,0.4,98.8848,0.0111056
Euler-Maruyama,2,0.401,99.0125,0.011187
Euler-Maruyama,2,0.402,99.2392,0.010977
Euler-Maruyama,2,0.403,98.9946,0.00979087
Euler-Maruyama,2,0.404,98.398,0.0106026
Euler-Maruyama,2,0.405,98.6099,0.011894
Euler-Maruyama,2,0.406,98.5081,0.0130583
Euler-Maruyama,2,0.407,98.7129,0.0136344
Euler-Maruyama,2,0.408,98.265,0.0125164
Euler-Maruyama,2,0.409,98.4084,0.0138558
Euler-Maruyama,2,0.41,98.2848,0.0160034
Euler-Maruyama,2,0.411,97.5151,0.0166055
Euler-Maruyama,2,0.412,97.1842,0.0163061
Euler-Maruyama,2,0.413,98.0375,0.0175204
Euler-Maruyama,2,0.414,97.548,0.0166101
Euler-Maruyama,2,0.415,97.8696,0.0167461
Euler-Maruyama,2,0.416,97.3816,0.0149785
Euler-Maruyama,2,0.417,97.6801,0.014518
Euler-Maruyama,2,0.418,97.3609,0.0150979
Euler-Maruyama,2,0.419,97.2758,0.0172553
Euler-Maruyama,2,0.42,97.0316,0.0170734
Euler-Maruyama,2,0.421,96.6271,0.0165213
Euler-Maruyama,2,0.422,97.3241,0.0161586
Euler-Maruyama,2,0.423,97.2969,0.0175058
Euler-Maruyama,2,0.424,97.4349,0.0158581
Euler-Maruyama,2,0.425,97.9454,0.0177357
Euler-Maruyama,2,0.426,97.2922,0.0185982
Euler-Maruyama,2,0.427,97.4399,0.0183479
Euler-Maruyama,2,0.428,97.3866,0.0178936
Euler-Maruyama,2,0.429,97.9238,0.0163147
Euler-Maruyama,2,0.43,98.6095,0.0168913
Euler-Maruyama,2,0.431,98.9568,0.0180936
Euler-Maruyama,2,0.432,98.747,0.0171693
Euler-Maruyama,2,0.433,98.0957,0.0173508
Euler-Maruyama,2,0.434,98.3552,0.0181847
Euler-Maruyama,2,0.435,98.2827,0.0180082
Euler-Maruyama,2,0.436,98.7758,0.0187824
Euler-Maruyama,2,0.437,99.202,0.0178621
Euler-Maruyama,2,0.438,98.9082,0.0160043
Euler-Maruyama,2,0.439,98.6346,0.0181023
Euler-Maruyama,2,0.44,99.1699,0.0194319
Euler-Maruyama,2,0.441,99.7626,0.0184209
Euler-Maruyama,2,0.442,99.7597,0.0212529
Euler-Maruyama,2,0.443,100.357,0.0195009
Euler-Maruyama,2,0.444,100.12,0.0186744
Euler-Maruyama,2,0.445,99.6579,0.0200495
Euler-Maruyama,2,0.446,99.6831,0.0200715
Euler-Maruyama,2,0.447,99.717,0.0206143
Euler-Maruyama,2,0.448,99.3918,0.0216843
Euler-Maruyama,2,0.449,99.3362,0.0223937
Euler-Maruyama,2,0.45,99.5887,0.0219882
Euler-Maruyama,2,0.451,99.5912,0.0204166
Euler-Maruyama,2,0.452,100.11,0.0229559
Euler-Maruyama,2,0.453,100.387,0.0219698
Euler-Maruyama,2,0.454,100.439,0.0201027
Euler-Maruyama,2,0.455,100.332,0.0206239
Euler-Maruyama,2,0.456,99.9591,0.0228309
Euler-Maruyama,2,0.457,99.7477,0.0239563
Euler-Maruyama,2,0.458,99.8848,0.0245161
Euler-Maruyama,2,0.459,100.385,0.0234512
Euler-Maruyama,2,0.46,100.253,0.020974
Euler-Maruyama,2,0.461,100.045,0.0219749
Euler-Maruyama,2,0.462,99.3192,0.0230866
Euler-Maruyama,2,0.463,99.8478,0.0234998
Euler-Maruyama,2,0.464,99.505,0.0247759
Euler-Maruyama,2,0.465,98.6514,0.0253248
Euler-Maruyama,2,0.466,98.9231,0.0246767
Euler-Maruyama,2,0.467,99.1058,0.0251622
Euler-Maruyama,2,0.468,98.7324,0.0259072
Euler-Maruyama,2,0.469,98.5835,0.0270221
Euler-Maruyama,2,0.47,98.6613,0.0258876
Euler-Maruyama,2,0.471,98.8266,0.0251898
Euler-Maruyama,2,0.472,98.8059,0.025216
Euler-Maruyama,2,0.473,99.3368,0.0248817
Euler-Maruyama,2,0.474,99.0381,0.0225727
Euler-Maruyama,2,0.475,98.6817,0.0201265
Euler-Maruyama,2,0.476,98.0384,0.0180216
Euler-Maruyama,2,0.477,97.7832,0.0195144
Euler-Maruyama,2,0.478,97.7322,0.0179701
Euler-Maruyama,2,0.479,96.9914,0.0172406
Euler-Maruyama,2,0.48,97.9637,0.018965
Euler-Maruyama,2,0.481,97.8619,0.0201901
Euler-Maruyama,2,0.482,97.378,0.0207564
Euler-Maruyama,2,0.483,97.1552,0.0226657
Euler-Maruyama,2,0.484,96.7838,0.0215257
Euler-Maruyama,2,0.485,96.9635,0.0211785
Euler-Maruyama,2,0.486,96.4975,0.0200278
Euler-Maruyama,2,0.487,95.6161,0.0204323
Euler-Maruyama,2,0.488,94.9805,0.0186545
Euler-Maruyama,2,0.489,94.9635,0.0174241
Euler-Maruyama,2,0.49,94.6657,0.0178708
Euler-Maruyama,2,0.491,94.7302,0.0200435
Euler-Maruyama,2,0.492,94.4738,0.019726
Euler-Maruyama,2,0.493,93.972,0.0177356
Euler-Maruyama,2,0.494,94.1961,0.0196909
Euler-Maruyama,2,0.495,94.1756,0.0181253
Euler-Maruyama,2,0.496,93.979,0.0202947
Euler-Maruyama,2,0.497,94.2259,0.0210797
Euler-Maruyama,2,0.498,94.0795,0.0209578
Euler-Maruyama,2,0.499,93.8059,0.0213672
Euler-Maruyama,2,0.5,93.7703,0.020695
Euler-Maruyama,2,0.501,93.8782,0.0202372
Euler-Maruyama,2,0.502,94.2101,0.0191576
Euler-Maruyama,2,0.503,95.3211,0.0183129
Euler-Maruyama,2,0.504,96.1755,0.0176766
Euler-Maruyama,2,0.505,96.1419,0.0182555
Euler-Maruyama,2,0.506,95.9394,0.0195124
Euler-Maruyama,2,0.507,96.0293,0.0213939
Euler-Maruyama,2,0.508,95.7097,0.0221735
Euler-Maruyama,2,0.509,96.2989,0.0199605
Euler-Maruyama,2,0.51,96.5105,0.0183364
Euler-Maruyama,2,0.511,96.4467,0.0190552
Euler-Maruyama,2,0.512,96.4536,0.0181644
Euler-Maruyama,2,0.513,96.2407,0.0181691
Euler-Maruyama,2,0.514,95.9632,0.0166968
Euler-Maruyama,2,0.515,95.6718,0.0164069
Euler-Maruyama,2,0.516,95.2149,0.0166047
Euler-Maruyama,2,0.517,94.6347,0.016955
Euler-Maruyama,2,0.518,94.4845,0.0200084
Euler-Maruyama,2,0.519,94.1907,0.0196035
Euler-Maruyama,2,0.52,93.975,0.0192732
Euler-Maruyama,2,0.521,93.885,0.0194582
Euler-Maruyama,2,0.522,93.4076,0.0188036
Euler-Maruyama,2,0.523,93.3302,0.0178509
Euler-Maruyama,2,0.524,93.5539,0.0177945
Euler-Maruyama,2,0.525,93.3408,0.0171649
Euler-Maruyama,2,0.526,93.3854,0.0201622
Euler-Maruyama,2,0.527,93.3071,0.0209506
Euler-Maruyama,2,0.528,93.511,0.0215464
Euler-Maruyama,2,0.529,93.9612,0.0207169
Euler-Maruyama,2,0.53,94.4512,0.0173704
Euler-Maruyama,2,0.531,94.6485,0.0164799
Euler-Maruyama,2,0.532,94.8556,0.0162267
Euler-Maruyama,2,0.533,94.4367,0.015938
Euler-Maruyama,2,0.534,94.3881,0.0159771
Euler-Maruyama,2,0.535,94.1461,0.0154924
Euler-Maruyama,2,0.536,94.7339,0.0155889
Euler-Maruyama,2,0.537,94.9695,0.0137063
Euler-Maruyama,2,0.538,95.2129,0.0129311
Euler-Maruyama,2,0.539,94.9757,0.0130065
Euler-Maruyama,2,0.54,94.6721,0.0114696
Euler-Maruyama,2,0.541,94.1857,0.0128715
Euler-Maruyama,2,0.542,94.3256,0.0116199
Euler-Maruyama,2,0.543,94.0338,0.0128262
Euler-Maruyama,2,0.544,94.3713,0.0110153
Euler-Maruyama,2,0.545,94.0728,0.0114143
Euler-Maruyama,2,0.546,93.513,0.0123521
Euler-Maruyama,2,0.547,93.4671,0.0111025
Euler-Maruyama,2,0.548,93.8366,0.0116899
Euler-Maruyama,2,0.549,93.5386,0.0120339
Euler-Maruyama,2,0.55,93.6767,0.0108278
Euler-Maruyama,2,0.551,93.6688,0.0103185
Euler-Maruyama,2,0.552,93.9,0.0106588
Euler-Maruyama,2,0.553,93.613,0.0111306
Euler-Maruyama,2,0.554,93.9805,0.0119447
Euler-Maruyama,2,0.555,93.8045,0.0134393
Euler-Maruyama,2,0.556,93.6289,0.0136394
Euler-Maruyama,2,0.557,94.0538,0.0132292
Euler-Maruyama,2,0.558,94.1383,0.0144424
Euler-Maruyama,2,0.559,94.2936,0.0147973
Euler-Maruyama,2,0.56,94.55,0.0148444
Euler-Maruyama,2,0.561,94.817,0.0160026
Euler-Maruyama,2,0.562,94.3888,0.0151491
Euler-Maruyama,2,0.563,94.0989,0.0167247
Euler-Maruyama,2,0.564,93.9277,0.0166834
Euler-Maruyama,2,0.565,93.8058,0.0149269
Euler-Maruyama,2,0.566,93.9199,0.0135056
Euler-Maruyama,2,0.567,94.426,0.0125155
Euler-Maruyama,2,0.568,94.2132,0.0130336
Euler-Maruyama,2,0.569,94.1666,0.0125061
Euler-Maruyama,2,0.57,94.0832,0.0127289
Euler-Maruyama,2,0.571,94.0157,0.0126654
Euler-Maruyama,2,0.572,94.0987,0.0130216
Euler-Maruyama,2,0.573,94.0271,0.0140845
Euler-Maruyama,2,0.574,94.1008,0.0141202
Euler-Maruyama,2,0.575,94.037,0.0140024
Euler-Maruyama,2,0.576,93.0961,0.0142129
Euler-Maruyama,2,0.577,93.0494,0.0128591
Euler-Maruyama,2,0.578,93.4549,0.013303
Euler-Maruyama,2,0.579,93.5079,0.0132404
Euler-Maruyama,2,0.58,92.8775,0.0138577
Euler-Maruyama,2,0.581,92.8643,0.0133945
Euler-Maruyama,2,0.582,93.2475,0.0144726
Euler-Maruyama,2,0.583,93.0083,0.0144629
Euler-Maruyama,2,0.584,92.9691,0.0154278
Euler-Maruyama,2,0.585,92.8981,0.0170464
Euler-Maruyama,2,0.586,92.3157,0.0181532
Euler-Maruyama,2,0.587,92.503,0.017705
Euler-Maruyama,2,0.588,91.87,0.0195806
Euler-Maruyama,2,0.589,91.6898,0.020271
Euler-Maruyama,2,0.59,91.7524,0.0188899
Euler-Maruyama,2,0.591,92.2224,0.0192087
Euler-Maruyama,2,0.592,91.8447,0.0203749
Euler-Maruyama,2,0.593,92.1391,0.0201477
Euler-Maruyama,2,0.594,92.3991,0.0205974
Euler-Maruyama,2,0.595,92.2693,0.0218465
Euler-Maruyama,2,0.596,91.6984,0.021166
Euler-Maruyama,2,0.597,91.7818,0.0221022
Euler-Maruyama,2,0.598,92.0985,0.0222725
Euler-Maruyama,2,0.599,92.1855,0.0203612
Euler-Maruyama,2,0.6,92.1708,0.0205784
Euler-Maruyama,2,0.601,92.05,0.0212649
Euler-Maruyama,2,0.602,91.4183,0.0227869
Euler-Maruyama,2,0.603,91.1794,0.0216023
Euler-Maruyama,2,0.604,91.0304,0.0206426
Euler-Maruyama,2,0.605,91.061,0.0196594
Euler-Maruyama,2,0.606,90.8091,0.0207541
Euler-Maruyama,2,0.607,89.9685,0.0213488
Euler-Maruyama,2,0.608,89.509,0.0215933
Euler-Maruyama,2,0.609,89.8191,0.0200896
Euler-Maruyama,2,0.61,89.5882,0.0187148
Euler-Maruyama,2,0.611,89.9052,0.0197467
Euler-Maruyama,2,0.612,89.9318,0.0191073
Euler-Maruyama,2,0.613,90.3778,0.021262
Euler-Maruyama,2,0.614,90.4363,0.0227113
Euler-Maruyama,2,0.615,90.2271,0.0238784
Euler-Maruyama,2,0.616,90.8627,0.0260922
Euler-Maruyama,2,0.617,90.6516,0.0276545
Euler-Maruyama,2,0.618,90.5329,0.0260575
Euler-Maruyama,2,0.619,90.2419,0.0268786
Euler-Maruyama,2,0.62,90.3737,0.0260767
Euler-Maruyama,2,0.621,90.9534,0.0249523
Euler-Maruyama,2,0.622,90.5836,0.0274364
Euler-Maruyama,2,0.623,91.3803,0.0252009
Euler-Maruyama,2,0.624,90.995,0.0251404
Euler-Maruyama,2,0.625,90.3271,0.0242034
Euler-Maruyama,2,0.626,89.573,0.0235692
Euler-Maruyama,2,0.627,89.7176,0.0212965
Euler-Maruyama,2,0.628,90.2808,0.0209914
Euler-Maruyama,2,0.629,89.7497,0.0203306
Euler-Maruyama,2,0.63,89.7156,0.0196972
Euler-Maruyama,2,0.631,90.0193,0.0210676
Euler-Maruyama,2,0.632,90.2068,0.0227869
Euler-Maruyama,2,0.633,89.7353,0.0212985
Euler-Maruyama,2,0.634,89.4017,0.020717
Euler-Maruyama,2,0.635,90.0369,0.0226362
Euler-Maruyama,2,0.636,90.4424,0.0226611
Euler-Maruyama,2,0.637,90.3272,0.0246641
Euler-Maruyama,2,0.638,90.3323,0.0268945
Euler-Maruyama,2,0.639,89.9415,0.0260369
Euler-Maruyama,2,0.64,89.3466,0.0257839
Euler-Maruyama,2,0.641,89.63,0.0277001
Euler-Maruyama,2,0.642,89.4044,0.027538
Euler-Maruyama,2,0.643,90.1219,0.026805
Euler-Maruyama,2,0.644,90.3163,0.0248388
Euler-Maruyama,2,0.645,90.7642,0.022864
Euler-Maruyama,2,0.646,91.2353,0.0236242
Euler-Maruyama,2,0.647,91.1964,0.0224136
Euler-Maruyama,2,0.648,90.8324,0.021766
Euler-Maruyama,2,0.649,90.3824,0.0201653
Euler-Maruyama,2,0.65,90.6233,0.0223976
Euler-Maruyama,2,0.651,91.3302,0.0225247
Euler-Maruyama,2,0.652,91.8112,0.021407
Euler-Maruyama,2,0.653,92.1278,0.0212903
Euler-Maruyama,2,0.654,92.5098,0.0218132
Euler-Maruyama,2,0.655,92.4296,0.0206517
Euler-Maruyama,2,0.656,92.4648,0.0212527
Euler-Maruyama,2,0.657,92.7592,0.0212162
Euler-Maruyama,2,0.658,92.6389,0.0203817
Euler-Maruyama,2,0.659,92.7179,0.021175
Euler-Maruyama,2,0.66,92.7398,0.0183614
Euler-Maruyama,2,0.661,93.2025,0.0197067
Euler-Maruyama,2,0.662,92.6497,0.019204
Euler-Maruyama,2,0.663,92.4681,0.0227222
Euler-Maruyama,2,0.664,91.8189,0.0198548
Euler-Maruyama,2,0.665,91.7464,0.0206628
Euler-Maruyama,2,0.666,91.4705,0.0217225
Euler-Maruyama,2,0.667,91.4646,0.0214529
Euler-Maruyama,2,0.668,91.5914,0.0227596
Euler-Maruyama,2,0.669,91.3244,0.0238512
Euler-Maruyama,2,0.67,91.9601,0.0234948
Euler-Maruyama,2,0.671,91.9048,0.023323
Euler-Maruyama,2,0.672,92.1797,0.025143
Euler-Maruyama,2,0.673,91.9955,0.0252484
Euler-Maruyama,2,0.674,91.7444,0.0253863
Euler-Maruyama,2,0.675,92.2069,0.0245897
Euler-Maruyama,2,0.676,91.6474,0.0239139
Euler-Maruyama,2,0.677,91.8277,0.0258416
Euler-Maruyama,2,0.678,92.1435,0.0263651
Euler-Maruyama,2,0.679,92.2077,0.0274849
Euler-Maruyama,2,0.68,92.097,0.0306323
Euler-Maruyama,2,0.681,92.0984,0.0297646
Euler-Maruyama,2,0.682,92.1478,0.0322762
Euler-Maruyama,2,0.683,92.5546,0.0328838
Euler-Maruyama,2,0.684,92.4743,0.0312641
Euler-Maruyama,2,0.685,93.0832,0.0301267
Euler-Maruyama,2,0.686,93.0266,0.0287566
Euler-Maruyama,2,0.687,93.2643,0.0287255
Euler-Maruyama,2,0.688,93.2216,0.0305711
Euler-Maruyama,2,0.689,93.4232,0.0313883
Euler-Maruyama,2,0.69,93.0937,0.0297427
Euler-Maruyama,2,0.691,92.9501,0.0312266
Euler-Maruyama,2,0.692,93.1687,0.0338759
Euler-Maruyama,2,0.693,92.9752,0.0345055
Euler-Maruyama,2,0.694,92.244,0.0356319
Euler-Maruyama,2,0.695,91.7033,0.0390425
Euler-Maruyama,2,0.696,92.1311,0.0367069
Euler-Maruyama,2,0.697,92.3057,0.0345506
Euler-Maruyama,2,0.698,92.0624,0.039291
Euler-Maruyama,2,0.699,92.5178,0.039814
Euler-Maruyama,2,0.7,91.7927,0.0409205
Euler-Maruyama,2,0.701,92.074,0.0392783
Euler-Maruyama,2,0.702,91.9118,0.0354003
Euler-Maruyama,2,0.703,92.4841,0.039317
Euler-Maruyama,2,0.704,92.0366,0.0359219
Euler-Maruyama,2,0.705,92.1872,0.0354176
Euler-Maruyama,2,0.706,92.3901,0.0377029
Euler-Maruyama,2,0.707,92.7848,0.0379144
Euler-Maruyama,2,0.708,93.4494,0.0408479
Euler-Maruyama,2,0.709,93.5029,0.0411661
Euler-Maruyama,2,0.71,93.7458,0.0376522
Euler-Maruyama,2,0.711,93.4428,0.0400814
Euler-Maruyama,2,0.712,94.5909,0.0405015
Euler-Maruyama,2,0.713,94.2615,0.0432114
Euler-Maruyama,2,0.714,94.4201,0.0424621
Euler-Maruyama,2,0.715,93.9173,0.0402777
Euler-Maruyama,2,0.716,94.2308,0.039596
Euler-Maruyama,2,0.717,94.7165,0.0352936
Euler-Maruyama,2,0.718,94.8075,0.0369348
Euler-Maruyama,2,0.719,94.1618,0.036818
Euler-Maruyama,2,0.72,94.4421,0.0360917
Euler-Maruyama,2,0.721,93.0633,0.0373789
Euler-Maruyama,2,0.722,93.5586,0.0357849
Euler-Maruyama,2,0.723,93.8846,0.0363703
Euler-Maruyama,2,0.724,93.4014,0.036486
Euler-Maruyama,2,0.725,93.144,0.0374324
Euler-Maruyama,2,0.726,91.9286,0.0356841
Euler-Maruyama,2,0.727,91.9925,0.033852
Euler-Maruyama,2,0.728,90.9016,0.0334243
Euler-Maruyama,2,0.729,90.999,0.0314096
Euler-Maruyama,2,0.73,91.3738,0.0313027
Euler-Maruyama,2,0.731,90.8207,0.0340397
Euler-Maruyama,2,0.732,92.0935,0.0331011
Euler-Maruyama,2,0.733,92.3075,0.0334946
Euler-Maruyama,2,0.734,92.1458,0.0344904
Euler-Maruyama,2,0.735,91.5118,0.0367667
Euler-Maruyama,2,0.736,92.9422,0.0403354
Euler-Maruyama,2,0.737,92.5035,0.0378963
Euler-Maruyama,2,0.738,93.1024,0.0397921
Euler-Maruyama,2,0.739,93.8852,0.0403787
Euler-Maruyama,2,0.74,94.3449,0.0425585
Euler-Maruyama,2,0.741,94.8055,0.0394156
Euler-Maruyama,2,0.742,94.637,0.0388877
Euler-Maruyama,2,0.743,95.9034,0.0382605
Euler-Maruyama,2,0.744,96.0127,0.037212
Euler-Maruyama,2,0.745,95.8862,0.0360593
Euler-Maruyama,2,0.746,96.1891,0.0346115
Euler-Maruyama,2,0.747,95.9116,0.0356954
Euler-Maruyama,2,0.748,96.6194,0.0367811
Euler-Maruyama,2,0.749,97.4739,0.0407477
Euler-Maruyama,2,0.75,96.7162,0.037754
Euler-Maruyama,2,0.751,97.0931,0.0393841
Euler-Maruyama,2,0.752,97.7259,0.0368769
Euler-Maruyama,2,0.753,96.8207,0.0344908
Euler-Maruyama,2,0.754,96.7397,0.0360994
Euler-Maruyama,2,0.755,96.0994,0.0379844
Euler-Maruyama,2,0.756,95.5862,0.0397487
Euler-Maruyama,2,0.757,97.3101,0.0411289
Euler-Maruyama,2,0.758,98.1787,0.0422799
Euler-Maruyama,2,0.759,98.0538,0.0382955
Euler-Maruyama,2,0.76,97.274,0.037646
Euler-Maruyama,2,0.761,97.4508,0.0353927
Euler-Maruyama,2,0.762,97.7841,0.0379281
Euler-Maruyama,2,0.763,98.6316,0.0373764
Euler-Maruyama,2,0.764,98.4317,0.0387444
Euler-Maruyama,2,0.765,98.7112,0.0406042
Euler-Maruyama,2,0.766,99.0069,0.0439839
Euler-Maruyama,2,0.767,98.0293,0.0454431
Euler-Maruyama,2,0.768,97.3414,0.04605
Euler-Maruyama,2,0.769,98.0529,0.04641
Euler-Maruyama,2,0.77,98.5153,0.0470099
Euler-Maruyama,2,0.771,97.8319,0.0459175
Euler-Maruyama,2,0.772,98.9945,0.0412625
Euler-Maruyama,2,0.773,98.6431,0.0380514
Euler-Maruyama,2,0.774,98.9066,0.0392066
Euler-Maruyama,2,0.775,98.1126,0.0339508
Euler-Maruyama,2,0.776,98.1307,0.0338233
Euler-Maruyama,2,0.777,98.5803,0.0327847
Euler-Maruyama,2,0.778,97.8335,0.0340986
Euler-Maruyama,2,0.779,97.4808,0.0338378
Euler-Maruyama,2,0.78,97.4524,0.0337376
Euler-Maruyama,2,0.781,96.4185,0.0332363
Euler-Maruyama,2,0.782,96.5056,0.0336459
Euler-Maruyama,2,0.783,96.1383,0.0310015
Euler-Maruyama,2,0.784,96.0056,0.0322838
Euler-Maruyama,2,0.785,95.8829,0.0341597
Euler-Maruyama,2,0.786,95.0657,0.0346819
Euler-Maruyama,2,0.787,94.772,0.0366925
Euler-Maruyama,2,0.788,95.1369,0.0400432
Euler-Maruyama,2,0.789,95.57,0.0421498
Euler-Maruyama,2,0.79,95.7548,0.0459129
Euler-Maruyama,2,0.791,96.362,0.0450618
Euler-Maruyama,2,0.792,96.0959,0.0470906
Euler-Maruyama,2,0.793,95.8381,0.0475496
Euler-Maruyama,2,0.794,96.2942,0.0465913
Euler-Maruyama,2,0.795,94.9705,0.0462161
Euler-Maruyama,2,0.796,96.7287,0.0488618
Euler-Maruyama,2,0.797,96.0674,0.0520378
Euler-Maruyama,2,0.798,95.7327,0.0527815
Euler-Maruyama,2,0.799,94.386,0.0519222
Euler-Maruyama,2,0.8,94.4917,0.0514972
Euler-Maruyama,2,0.801,94.9663,0.0505588
Euler-Maruyama,2,0.802,94.476,0.0561011
Euler-Maruyama,2,0.803,94.6488,0.0569002
Euler-Maruyama,2,0.804,94.3624,0.0581188
Euler-Maruyama,2,0.805,93.8264,0.0629317
Euler-Maruyama,2,0.806,94.2624,0.062151
Euler-Maruyama,2,0.807,93.8738,0.0601143
Euler-Maruyama,2,0.808,93.92,0.0646178
Euler-Maruyama,2,0.809,93.8975,0.0670852
Euler-Maruyama,2,0.81,94.8112,0.0685404
Euler-Maruyama,2,0.811,96.2588,0.0677022
Euler-Maruyama,2,0.812,96.1163,0.0675975
Euler-Maruyama,2,0.813,95.8898,0.0661479
Euler-Maruyama,2,0.814,94.9518,0.0650245
Euler-Maruyama,2,0.815,94.8989,0.0672741
Euler-Maruyama,2,0.816,95.2219,0.0671082
Euler-Maruyama,2,0.817,95.2324,0.071077
Euler-Maruyama,2,0.818,95.6345,0.0679979
Euler-Maruyama,2,0.819,95.2266,0.0713255
Euler-Maruyama,2,0.82,95.4973,0.0658565
Euler-Maruyama,2,0.821,95.3646,0.0650728
Euler-Maruyama,2,0.822,94.4371,0.0637762
Euler-Maruyama,2,0.823,93.6013,0.0666217
Euler-Maruyama,2,0.824,94.685,0.0660646
Euler-Maruyama,2,0.825,95.1052,0.0660172
Euler-Maruyama,2,0.826,95.5137,0.0664103
Euler-Maruyama,2,0.827,94.9659,0.0676519
Euler-Maruyama,2,0.828,94.3614,0.0715629
Euler-Maruyama,2,0.829,94.343,0.0721036
Euler-Maruyama,2,0.83,94.1968,0.0748647
Euler-Maruyama,2,0.831,93.1559,0.0779996
Euler-Maruyama,2,0.832,94.298,0.0771243
Euler-Maruyama,2,0.833,93.1062,0.0806678
Euler-Maruyama,2,0.834,94.277,0.0824975
Euler-Maruyama,2,0.835,92.9302,0.0821182
Euler-Maruyama,2,0.836,91.8909,0.0776557
Euler-Maruyama,2,0.837,90.9779,0.0815306
Euler-Maruyama,2,0.838,90.8613,0.0818863
Euler-Maruyama,2,0.839,90.1926,0.0797697
Euler-Maruyama,2,0.84,91.9326,0.0758918
Euler-Maruyama,2,0.841,92.4831,0.0741579
Euler-Maruyama,2,0.842,93.0392,0.0733029
Euler-Maruyama,2,0.843,94.6211,0.0737518
Euler-Maruyama,2,0.844,95.2102,0.0716579
Euler-Maruyama,2,0.845,94.8369,0.0733715
Euler-Maruyama,2,0.846,95.5039,0.0745664
Euler-Maruyama,2,0.847,95.3863,0.0724075
Euler-Maruyama,2,0.848,96.4755,0.074225
Euler-Maruyama,2,0.849,95.9224,0.0749796
Euler-Maruyama,2,0.85,95.8322,0.0814841
Euler-Maruyama,2,0.851,96.5762,0.0775987
Euler-Maruyama,2,0.852,96.0154,0.0800671
Euler-Maruyama,2,0.853,95.5356,0.0782012
Euler-Maruyama,2,0.854,95.2119,0.0841879
Euler-Maruyama,2,0.855,95.3628,0.0859211
Euler-Maruyama,2,0.856,93.5419,0.0891726
Euler-Maruyama,2,0.857,93.7958,0.0930851
Euler-Maruyama,2,0.858,94.3622,0.0943147
Euler-Maruyama,2,0.859,94.5428,0.10066
Euler-Maruyama,2,0.86,96.5788,0.100647
Euler-Maruyama,2,0.861,97.5824,0.102888
Euler-Maruyama,2,0.862,97.0843,0.104369
Euler-Maruyama,2,0.863,97.8148,0.103494
Euler-Maruyama,2,0.864,96.5167,0.106844
Euler-Maruyama,2,0.865,95.6142,0.107935
Euler-Maruyama,2,0.866,94.0745,0.110663
Euler-Maruyama,2,0.867,93.031,0.115191
Euler-Maruyama,2,0.868,94.5855,0.122792
Euler-Maruyama,2,0.869,94.2091,0.121477
Euler-Maruyama,2,0.87,93.3346,0.123069
Euler-Maruyama,2,0.871,93.058,0.120291
Euler-Maruyama,2,0.872,94.8492,0.120542
Euler-Maruyama,2,0.873,94.689,0.118484
Euler-Maruyama,2,0.874,94.1544,0.115012
Euler-Maruyama,2,0.875,94.1816,0.118008
Euler-Maruyama,2,0.876,96.4368,0.114887
Euler-Maruyama,2,0.877,97.6386,0.114076
Euler-Maruyama,2,0.878,96.5086,0.114973
Euler-Maruyama,2,0.879,97.1995,0.11443
Euler-Maruyama,2,0.88,97.4529,0.112076
Euler-Maruyama,2,0.881,96.6947,0.106163
Euler-Maruyama,2,0.882,96.5203,0.104656
Euler-Maruyama,2,0.883,94.4596,0.104999
Euler-Maruyama,2,0.884,93.495,0.109778
Euler-Maruyama,2,0.885,94.3669,0.107445
Euler-Maruyama,2,0.886,92.666,0.105701
Euler-Maruyama,2,0.887,92.5816,0.103102
Euler-Maruyama,2,0.888,92.7492,0.104169
Euler-Maruyama,2,0.889,93.4406,0.101815
Euler-Maruyama,2,0.89,93.848,0.102909
Euler-Maruyama,2,0.891,93.1721,0.104151
Euler-Maruyama,2,0.892,92.9427,0.105397
Euler-Maruyama,2,0.893,92.8687,0.108545
Euler-Maruyama,2,0.894,93.4234,0.102357
Euler-Maruyama,2,0.895,94.2883,0.104145
Euler-Maruyama,2,0.896,94.8526,0.109342
Euler-Maruyama,2,0.897,94.337,0.107149
Euler-Maruyama,2,0.898,95.2474,0.111972
Euler-Maruyama,2,0.899,94.3751,0.114335
Euler-Maruyama,2,0.9,94.8366,0.114653
Euler-Maruyama,2,0.901,95.3607,0.110502
Euler-Maruyama,2,0.902,96.3338,0.113437
Euler-Maruyama,2,0.903,94.2355,0.116711
Euler-Maruyama,2,0.904,92.0105,0.119188
Euler-Maruyama,2,0.905,91.663,0.119505
Euler-Maruyama,2,0.906,93.342,0.12165
Euler-Maruyama,2,0.907,93.8091,0.11574
Euler-Maruyama,2,0.908,93.2486,0.122526
Euler-Maruyama,2,0.909,91.7003,0.1187
Euler-Maruyama,2,0.91,92.459,0.119524
Euler-Maruyama,2,0.911,93.8872,0.113793
Euler-Maruyama,2,0.912,92.5543,0.115389
Euler-Maruyama,2,0.913,92.7577,0.115247
Euler-Maruyama,2,0.914,93.5856,0.11324
Euler-Maruyama,2,0.915,94.4404,0.120461
Euler-Maruyama,2,0.916,94.4505,0.124211
Euler-Maruyama,2,0.917,93.9763,0.125497
Euler-Maruyama,2,0.918,93.3935,0.12841
Euler-Maruyama,2,0.919,94.8394,0.133004
Euler-Maruyama,2,0.92,94.6649,0.133561
Euler-Maruyama,2,0.921,94.0967,0.130597
Euler-Maruyama,2,0.922,95.2763,0.13233
Euler-Maruyama,2,0.923,95.0586,0.128843
Euler-Maruyama,2,0.924,95.1629,0.125539
Euler-Maruyama,2,0.925,95.5513,0.123789
Euler-Maruyama,2,0.926,94.9115,0.119464
Euler-Maruyama,2,0.927,95.6829,0.116599
Euler-Maruyama,2,0.928,95.1278,0.115713
Euler-Maruyama,2,0.929,94.7018,0.114776
Euler-Maruyama,2,0.93,92.8685,0.114487
Euler-Maruyama,2,0.931,91.1501,0.112604
Euler-Maruyama,2,0.932,91.2444,0.109335
Euler-Maruyama,2,0.933,91.487,0.110981
Euler-Maruyama,2,0.934,90.3877,0.113159
Euler-Maruyama,2,0.935,91.1343,0.113827
Euler-Maruyama,2,0.936,91.8615,0.114217
Euler-Maruyama,2,0.937,90.8396,0.112257
Euler-Maruyama,2,0.938,91.1666,0.110404
Euler-Maruyama,2,0.939,91.0856,0.106407
Euler-Maruyama,2,0.94,90.0509,0.112821
Euler-Maruyama,2,0.941,87.7021,0.11509
Euler-Maruyama,2,0.942,87.3616,0.115828
Euler-Maruyama,2,0.943,86.0815,0.114317
Euler-Maruyama,2,0.944,86.5777,0.110534
Euler-Maruyama,2,0.945,87.3273,0.11646
Euler-Maruyama,2,0.946,86.6385,0.118567
Euler-Maruyama,2,0.947,86.6848,0.122742
Euler-Maruyama,2,0.948,87.5678,0.123341
Euler-Maruyama,2,0.949,87.3468,0.124807
Euler-Maruyama,2,0.95,86.2355,0.125352
Euler-Maruyama,2,0.951,87.6344,0.121088
Euler-Maruyama,2,0.952,88.3553,0.122953
Euler-Maruyama,2,0.953,87.6462,0.121257
Euler-Maruyama,2,0.954,87.9018,0.125939
Euler-Maruyama,2,0.955,88.3464,0.126941
Euler-Maruyama,2,0.956,89.4735,0.122967
Euler-Maruyama,2,0.957,89.6048,0.122529
Euler-Maruyama,2,0.958,88.7698,0.126082
Euler-Maruyama,2,0.959,89.3291,0.122432
Euler-Maruyama,2,0.96,88.8699,0.118407
Euler-Maruyama,2,0.961,88.9396,0.11396
Euler-Maruyama,2,0.962,88.7374,0.11214
Euler-Maruyama,2,0.963,90.2724,0.112882
Euler-Maruyama,2,0.964,89.9516,0.109277
Euler-Maruyama,2,0.965,89.2565,0.114249
Euler-Maruyama,2,0.966,88.9543,0.110303
Euler-Maruyama,2,0.967,89.1969,0.106785
Euler-Maruyama,2,0.968,89.2562,0.112131
Euler-Maruyama,2,0.969,88.6167,0.112896
Euler-Maruyama,2,0.97,87.7731,0.115697
Euler-Maruyama,2,0.971,88.325,0.117377
Euler-Maruyama,2,0.972,87.101,0.119504
Euler-Maruyama,2,0.973,87.0807,0.121953
Euler-Maruyama,2,0.974,88.338,0.123013
Euler-Maruyama,2,0.975,87.5411,0.129813
Euler-Maruyama,2,0.976,87.5414,0.127339
Euler-Maruyama,2,0.977,88.1436,0.123362
Euler-Maruyama,2,0.978,88.4606,0.125213
Euler-Maruyama,2,0.979,87.4187,0.122768
Euler-Maruyama,2,0.98,86.9904,0.121972
Euler-Maruyama,2,0.981,87.8644,0.122611
Euler-Maruyama,2,0.982,87.0642,0.128138
Euler-Maruyama,2,0.983,87.343,0.129502
Euler-Maruyama,2,0.984,87.0373,0.130007
Euler-Maruyama,2,0.985,86.0243,0.127588
Euler-Maruyama,2,0.986,84.4859,0.124806
Euler-Maruyama,2,0.987,83.829,0.124486
Euler-Maruyama,2,0.988,84.1913,0.126351
Euler-Maruyama,2,0.989,83.3618,0.119413
Euler-Maruyama,2,0.99,83.6106,0.123182
Euler-Maruyama,2,0.991,83.0007,0.123351
Euler-Maruyama,2,0.992,83.997,0.12214
Euler-Maruyama,2,0.993,83.8841,0.121633
Euler-Maruyama,2,0.994,83.7157,0.122999
Euler-Maruyama,2,0.995,83.651,0.120472
Euler-Maruyama,2,0.996,82.7731,0.11898
Euler-Maruyama,2,0.997,85.4161,0.121863
Euler-Maruyama,2,0.998,83.5232,0.121855
Euler-Maruyama,2,0.999,81.5134,0.121267
Euler-Maruyama,2,1,82.0903,0.120636
Euler-Maruyama,3,0,100,0.04
Euler-Maruyama,3,0.001,99.1459,0.0372779
Euler-Maruyama,3,0.002,97.9345,0.0354966
Euler-Maruyama,3,0.003,97.4477,0.0351387
Euler-Maruyama,3,0.004,97.9329,0.0361337
Euler-Maruyama,3,0.005,97.9345,0.0339652
Euler-Maruyama,3,0.006,97.6053,0.0314759
Euler-Maruyama,3,0.007,97.9385,0.02917
Euler-Maruyama,3,0.008,97.7865,0.0319749
Euler-Maruyama,3,0.009,97.5759,0.0315282
Euler-Maruyama,3,0.01,97.623,0.0327889
Euler-Maruyama,3,0.011,98.419,0.0351681
Euler-Maruyama,3,0.012,98.9239,0.0344888
Euler-Maruyama,3,0.013,98.9759,0.0347722
Euler-Maruyama,3,0.014,98.5999,0.036039
Euler-Maruyama,3,0.015,99.4484,0.0386127
Euler-Maruyama,3,0.016,99.2505,0.0371963
Euler-Maruyama,3,0.017,99.5245,0.0369991
Euler-Maruyama,3,0.018,100.789,0.0410174
Euler-Maruyama,3,0.019,101.554,0.0413996
Euler-Maruyama,3,0.02,102.822,0.0392666
Euler-Maruyama,3,0.021,103.46,0.043264
Euler-Maruyama,3,0.022,103.476,0.043993
Euler-Maruyama,3,0.023,103.45,0.046445
Euler-Maruyama,3,0.024,103.101,0.0492409
Euler-Maruyama,3,0.025,101.94,0.0503525
Euler-Maruyama,3,0.026,102.692,0.0480247
Euler-Maruyama,3,0.027,101.582,0.047754
Euler-Maruyama,3,0.028,100.188,0.0480257
Euler-Maruyama,3,0.029,99.7007,0.0465561
Euler-Maruyama,3,0.03,99.4803,0.046842
Euler-Maruyama,3,0.031,98.9231,0.0501833
Euler-Maruyama,3,0.032,99.4916,0.0442585
Euler-Maruyama,3,0.033,99.3828,0.0468583
Euler-Maruyama,3,0.034,101.685,0.0481183
Euler-Maruyama,3,0.035,101.119,0.0472966
Euler-Maruyama,3,0.036,101.029,0.0464569
Euler-Maruyama,3,0.037,101.699,0.0462574
Euler-Maruyama,3,0.038,101.205,0.0450343
Euler-Maruyama,3,0.039,101.088,0.0430838
Euler-Maruyama,3,0.04,100.814,0.0418555
Euler-Maruyama,3,0.041,101.28,0.0450809
Euler-Maruyama,3,0.042,101.624,0.041895
Euler-Maruyama,3,0.043,101.862,0.038947
Euler-Maruyama,3,0.044,102.05,0.0378448
Euler-Maruyama,3,0.045,102.584,0.0369937
Euler-Maruyama,3,0.046,103.26,0.0362388
Euler-Maruyama,3,0.047,104.203,0.0354856
Euler-Maruyama,3,0.048,104.682,0.0390447
Euler-Maruyama,3,0.049,104.308,0.0395592
Euler-Maruyama,3,0.05,103.274,0.0362181
Euler-Maruyama,3,0.051,104.167,0.0373966
Euler-Maruyama,3,0.052,104.791,0.0377181
Euler-Maruyama,3,0.053,104.506,0.041327
Euler-Maruyama,3,0.054,103.983,0.0434549
Euler-Maruyama,3,0.055,104.927,0.0426686
Euler-Maruyama,3,0.056,104.316,0.040328
Euler-Maruyama,3,0.057,104.441,0.0354362
Euler-Maruyama,3,0.058,105.241,0.0346231
Euler-Maruyama,3,0.059,105.345,0.0357656
Euler-Maruyama,3,0.06,105.43,0.0379116
Euler-Maruyama,3,0.061,105.269,0.0388368
Euler-Maruyama,3,0.062,105.258,0.0356142
Euler-Maruyama,3,0.063,105.642,0.0385404
Euler-Maruyama,3,0.064,105.274,0.0399489
Euler-Maruyama,3,0.065,105.835,0.0391521
Euler-Maruyama,3,0.066,105.712,0.0403132
Euler-Maruyama,3,0.067,105.721,0.0392055
Euler-Maruyama,3,0.068,105.936,0.0381075
Euler-Maruyama,3,0.069,106.276,0.0367012
Euler-Maruyama,3,0.07,106.311,0.0353036
Euler-Maruyama,3,0.071,105.844,0.0337109
Euler-Maruyama,3,0.072,106.008,0.0325418
Euler-Maruyama,3,0.073,106.456,0.0355074
Euler-Maruyama,3,0.074,105.602,0.0344469
Euler-Maruyama,3,0.075,106.217,0.0341818
Euler-Maruyama,3,0.076,104.781,0.0365803
Euler-Maruyama,3,0.077,104.662,0.0376271
Euler-Maruyama,3,0.078,104.717,0.0380914
Euler-Maruyama,3,0.079,104.52,0.0372779
Euler-Maruyama,3,0.08,106.037,0.0377051
Euler-Maruyama,3,0.081,105.827,0.0398301
Euler-Maruyama,3,0.082,106.673,0.0390018
Euler-Maruyama,3,0.083,106.893,0.0417127
Euler-Maruyama,3,0.084,107.252,0.040602
Euler-Maruyama,3,0.085,106.571,0.0403451
Euler-Maruyama,3,0.086,107.048,0.0428378
Euler-Maruyama,3,0.087,107.229,0.0449625
Euler-Maruyama,3,0.088,106.924,0.0456282
Euler-Maruyama,3,0.089,107.313,0.0433157
Euler-Maruyama,3,0.09,106.293,0.0437823
Euler-Maruyama,3,0.091,106.006,0.0430756
Euler-Maruyama,3,0.092,104.443,0.0402284
Euler-Maruyama,3,0.093,105.262,0.0427407
Euler-Maruyama,3,0.094,104.626,0.0430341
Euler-Maruyama,3,0.095,103.951,0.0414635
Euler-Maruyama,3,0.096,105.144,0.0423475
Euler-Maruyama,3,0.097,104.904,0.0404522
Euler-Maruyama,3,0.098,104.245,0.042771
Euler-Maruyama,3,0.099,104.703,0.0404537
Euler-Maruyama,3,0.1,105.474,0.0398161
Euler-Maruyama,3,0.101,106.439,0.0371124
Euler-Maruyama,3,0.102,106.47,0.035885
Euler-Maruyama,3,0.103,106.301,0.0365737
Euler-Maruyama,3,0.104,107.293,0.0378148
Euler-Maruyama,3,0.105,108.016,0.0404193
Euler-Maruyama,3,0.106,107.391,0.0418296
Euler-Maruyama,3,0.107,107.187,0.0434379
Euler-Maruyama,3,0.108,106.924,0.046895
Euler-Maruyama,3,0.109,106.944,0.0484469
Euler-Maruyama,3,0.11,107.007,0.0462602
Euler-Maruyama,3,0.111,107.161,0.0431441
Euler-Maruyama,3,0.112,106.141,0.0414156
Euler-Maruyama,3,0.113,107.602,0.0412426
Euler-Maruyama,3,0.114,108.479,0.0420781
Euler-Maruyama,3,0.115,108.29,0.0444448
Euler-Maruyama,3,0.116,108.703,0.0453015
Euler-Maruyama,3,0.117,108.098,0.0449289
Euler-Maruyama,3,0.118,108.551,0.0433059
Euler-Maruyama,3,0.119,108.333,0.0457791
Euler-Maruyama,3,0.12,108.641,0.0478187
Euler-Maruyama,3,0.121,108.897,0.0498274
Euler-Maruyama,3,0.122,107.349,0.0500646
Euler-Maruyama,3,0.123,105.985,0.0488541
Euler-Maruyama,3,0.124,107.238,0.0485278
Euler-Maruyama,3,0.125,107.726,0.0460236
Euler-Maruyama,3,0.126,105.927,0.0508569
Euler-Maruyama,3,0.127,105.447,0.0503541
Euler-Maruyama,3,0.128,106.622,0.0531909
Euler-Maruyama,3,0.129,106.426,0.0539279
Euler-Maruyama,3,0.13,105.422,0.0522485
Euler-Maruyama,3,0.131,103.758,0.0496468
Euler-Maruyama,3,0.132,102.863,0.0518831
Euler-Maruyama,3,0.133,101.994,0.0502816
Euler-Maruyama,3,0.134,102.277,0.0513566
Euler-Maruyama,3,0.135,102.341,0.0563254
Euler-Maruyama,3,0.136,101.769,0.0564464
Euler-Maruyama,3,0.137,101.454,0.0574253
Euler-Maruyama,3,0.138,102.464,0.0535567
Euler-Maruyama,3,0.139,102.515,0.0519687
Euler-Maruyama,3,0.14,102.881,0.0508915
Euler-Maruyama,3,0.141,102.658,0.0488834
Euler-Maruyama,3,0.142,103.479,0.0486133
Euler-Maruyama,3,0.143,103.95,0.0514973
Euler-Maruyama,3,0.144,104.915,0.0492748
Euler-Maruyama,3,0.145,106.25,0.0464583
Euler-Maruyama,3,0.146,107.114,0.0457038
Euler-Maruyama,3,0.147,107.791,0.0476457
Euler-Maruyama,3,0.148,107.793,0.0461375
Euler-Maruyama,3,0.149,107.149,0.0454601
Euler-Maruyama,3,0.15,106.342,0.0440463
Euler-Maruyama,3,0.151,106.294,0.0418027
Euler-Maruyama,3,0.152,105.598,0.0414346
Euler-Maruyama,3,0.153,104.921,0.0426266
Euler-Maruyama,3,0.154,105.436,0.0422326
Euler-Maruyama,3,0.155,104.558,0.0384055
Euler-Maruyama,3,0.156,104.428,0.0390009
Euler-Maruyama,3,0.157,103.73,0.038562
Euler-Maruyama,3,0.158,104.867,0.0366137
Euler-Maruyama,3,0.159,104.26,0.0370062
Euler-Maruyama,3,0.16,103.99,0.0355067
Euler-Maruyama,3,0.161,103.618,0.0331597
Euler-Maruyama,3,0.162,103.986,0.0292811
Euler-Maruyama,3,0.163,103.883,0.0286258
Euler-Maruyama,3,0.164,103.271,0.0292782
Euler-Maruyama,3,0.165,103.537,0.032396
Euler-Maruyama,3,0.166,103.67,0.0336762
Euler-Maruyama,3,0.167,104.231,0.0332111
Euler-Maruyama,3,0.168,104.183,0.0343566
Euler-Maruyama,3,0.169,104.139,0.0317711
Euler-Maruyama,3,0.17,103.221,0.0305299
Euler-Maruyama,3,0.171,104.121,0.0297236
Euler-Maruyama,3,0.172,103.481,0.0289031
Euler-Maruyama,3,0.173,103.599,0.0302494
Euler-Maruyama,3,0.174,103.093,0.0280071
Euler-Maruyama,3,0.175,103.352,0.0322077
Euler-Maruyama,3,0.176,103.672,0.0314779
Euler-Maruyama,3,0.177,103.445,0.0299988
Euler-Maruyama,3,0.178,104.22,0.0281463
Euler-Maruyama,3,0.179,104.804,0.026497
Euler-Maruyama,3,0.18,104.654,0.0253341
Euler-Maruyama,3,0.181,104.923,0.0244552
Euler-Maruyama,3,0.182,105.134,0.0233164
Euler-Maruyama,3,0.183,105.502,0.0221963
Euler-Maruyama,3,0.184,105.496,0.0227887
Euler-Maruyama,3,0.185,105.618,0.0239129
Euler-Maruyama,3,0.186,104.211,0.0233767
Euler-Maruyama,3,0.187,104.426,0.0266581
Euler-Maruyama,3,0.188,104.07,0.0262293
Euler-Maruyama,3,0.189,104.516,0.025046
Euler-Maruyama,3,0.19,104.679,0.0269428
Euler-Maruyama,3,0.191,104.323,0.0270555
Euler-Maruyama,3,0.192,104.134,0.0269284
Euler-Maruyama,3,0.193,104.208,0.0293837
Euler-Maruyama,3,0.194,103.121,0.029327
Euler-Maruyama,3,0.195,104.167,0.027764
Euler-Maruyama,3,0.196,104.048,0.0259141
Euler-Maruyama,3,0.197,104.004,0.0248424
Euler-Maruyama,3,0.198,103.379,0.0227777
Euler-Maruyama,3,0.199,103.595,0.0216849
Euler-Maruyama,3,0.2,103.063,0.0239857
Euler-Maruyama,3,0.201,103.2,0.0251621
Euler-Maruyama,3,0.202,103.347,0.0239066
Euler-Maruyama,3,0.203,103.977,0.0200439
Euler-Maruyama,3,0.204,103.584,0.0189222
Euler-Maruyama,3,0.205,103.563,0.0173775
Euler-Maruyama,3,0.206,103.381,0.019043
Euler-Maruyama,3,0.207,103.533,0.0199153
Euler-Maruyama,3,0.208,103.807,0.0177985
Euler-Maruyama,3,0.209,103.85,0.0180818
Euler-Maruyama,3,0.21,103.313,0.0187947
Euler-Maruyama,3,0.211,103.517,0.0190604
Euler-Maruyama,3,0.212,103.662,0.0176327
Euler-Maruyama,3,0.213,102.733,0.0189518
Euler-Maruyama,3,0.214,103.199,0.0175713
Euler-Maruyama,3,0.215,103.455,0.0183642
Euler-Maruyama,3,0.216,103.366,0.0189287
Euler-Maruyama,3,0.217,103.753,0.0180929
Euler-Maruyama,3,0.218,103.865,0.0197139
Euler-Maruyama,3,0.219,103.638,0.0172808
Euler-Maruyama,3,0.22,103.144,0.0160139
Euler-Maruyama,3,0.221,103.74,0.0149935
Euler-Maruyama,3,0.222,103.793,0.016657
Euler-Maruyama,3,0.223,104.006,0.0155943
Euler-Maruyama,3,0.224,103.47,0.0150368
Euler-Maruyama,3,0.225,103.33,0.0137543
Euler-Maruyama,3,0.226,103.046,0.014009
Euler-Maruyama,3,0.227,102.603,0.0126251
Euler-Maruyama,3,0.228,102.472,0.0148088
Euler-Maruyama,3,0.229,102.903,0.0151068
Euler-Maruyama,3,0.23,103.04,0.0149561
Euler-Maruyama,3,0.231,102.476,0.0160115
Euler-Maruyama,3,0.232,102.07,0.0170577
Euler-Maruyama,3,0.233,102.65,0.0167997
Euler-Maruyama,3,0.234,102.818,0.0186649
Euler-Maruyama,3,0.235,102.764,0.0162898
Euler-Maruyama,3,0.236,103.088,0.0142463
Euler-Maruyama,3,0.237,103.064,0.0148174
Euler-Maruyama,3,0.238,102.556,0.0147426
Euler-Maruyama,3,0.239,102.842,0.0148608
Euler-Maruyama,3,0.24,103.063,0.015113
Euler-Maruyama,3,0.241,103.051,0.0139396
Euler-Maruyama,3,0.242,102.663,0.0140228
Euler-Maruyama,3,0.243,102.771,0.0127818
Euler-Maruyama,3,0.244,102.055,0.0131403
Euler-Maruyama,3,0.245,102.563,0.0139582
Euler-Maruyama,3,0.246,102.462,0.0134513
Euler-Maruyama,3,0.247,101.985,0.0109953
Euler-Maruyama,3,0.248,101.432,0.00974227
Euler-Maruyama,3,0.249,101.328,0.00985676
Euler-Maruyama,3,0.25,101.624,0.00987909
Euler-Maruyama,3,0.251,101.089,0.00892326
Euler-Maruyama,3,0.252,101.044,0.00930426
Euler-Maruyama,3,0.253,100.927,0.00955998
Euler-Maruyama,3,0.254,100.814,0.0108297
Euler-Maruyama,3,0.255,101.458,0.00991728
Euler-Maruyama,3,0.256,101.014,0.00786211
Euler-Maruyama,3,0.257,100.54,0.00814069
Euler-Maruyama,3,0.258,100.657,0.00844095
Euler-Maruyama,3,0.259,100.549,0.00782529
Euler-Maruyama,3,0.26,100.761,0.0077781
Euler-Maruyama,3,0.261,100.8,0.00845393
Euler-Maruyama,3,0.262,101.049,0.00857425
Euler-Maruyama,3,0.263,101.337,0.00875301
Euler-Maruyama,3,0.264,101.222,0.00883214
Euler-Maruyama,3,0.265,101.371,0.00822032
Euler-Maruyama,3,0.266,101.275,0.00898598
Euler-Maruyama,3,0.267,101.139,0.00709367
Euler-Maruyama,3,0.268,101.071,0.008776
Euler-Maruyama,3,0.269,100.519,0.00999996
Euler-Maruyama,3,0.27,100.321,0.0116383
Euler-Maruyama,3,0.271,100.437,0.00870153
Euler-Maruyama,3,0.272,101.03,0.008007
Euler-Maruyama,3,0.273,101.45,0.00832096
Euler-Maruyama,3,0.274,101.534,0.010231
Euler-Maruyama,3,0.275,101.084,0.0115389
Euler-Maruyama,3,0.276,101.527,0.0119294
Euler-Maruyama,3,0.277,101.782,0.0103262
Euler-Maruyama,3,0.278,101.868,0.00910695
Euler-Maruyama,3,0.279,102.134,0.00838701
Euler-Maruyama,3,0.28,102.204,0.0075214
Euler-Maruyama,3,0.281,101.953,0.00834846
Euler-Maruyama,3,0.282,101.977,0.00802697
Euler-Maruyama,3,0.283,101.412,0.00747785
Euler-Maruyama,3,0.284,101.376,0.00855966
Euler-Maruyama,3,0.285,101.602,0.00907561
Euler-Maruyama,3,0.286,101.513,0.00939802
Euler-Maruyama,3,0.287,101.544,0.00882091
Euler-Maruyama,3,0.288,101.376,0.00905731
Euler-Maruyama,3,0.289,101.411,0.0100171
Euler-Maruyama,3,0.29,101.777,0.0102943
Euler-Maruyama,3,0.291,101.537,0.0104151
Euler-Maruyama,3,0.292,101.501,0.0100333
Euler-Maruyama,3,0.293,102.19,0.0107532
Euler-Maruyama,3,0.294,102.141,0.0110688
Euler-Maruyama,3,0.295,102.251,0.0116847
Euler-Maruyama,3,0.296,102.55,0.0108845
Euler-Maruyama,3,0.297,102.675,0.0132033
Euler-Maruyama,3,0.298,102.611,0.0125774
Euler-Maruyama,3,0.299,103.303,0.0118539
Euler-Maruyama,3,0.3,102.892,0.0117237
Euler-Maruyama,3,0.301,103.722,0.0115516
Euler-Maruyama,3,0.302,104.264,0.011911
Euler-Maruyama,3,0.303,103.794,0.012295
Euler-Maruyama,3,0.304,104.009,0.0112666
Euler-Maruyama,3,0.305,104.114,0.0102785
Euler-Maruyama,3,0.306,103.96,0.0108195
Euler-Maruyama,3,0.307,104.486,0.0116881
Euler-Maruyama,3,0.308,104.742,0.0123711
Euler-Maruyama,3,0.309,104.623,0.0123947
Euler-Maruyama,3,0.31,104.123,0.011627
Euler-Maruyama,3,0.311,103.917,0.0122512
Euler-Maruyama,3,0.312,104.413,0.012989
Euler-Maruyama,3,0.313,104.443,0.0141363
Euler-Maruyama,3,0.314,104.663,0.0141802
Euler-Maruyama,3,0.315,104.576,0.0152711
Euler-Maruyama,3,0.316,105.47,0.0156147
Euler-Maruyama,3,0.317,105.385,0.0157768
Euler-Maruyama,3,0.318,105.59,0.0139052
Euler-Maruyama,3,0.319,105.937,0.013471
Euler-Maruyama,3,0.32,105.89,0.0129886
Euler-Maruyama,3,0.321,106.518,0.0134515
Euler-Maruyama,3,0.322,106.436,0.0148511
Euler-Maruyama,3,0.323,106.631,0.015537
Euler-Maruyama,3,0.324,106.338,0.0164
Euler-Maruyama,3,0.325,105.86,0.0178113
Euler-Maruyama,3,0.326,105.736,0.0165711
Euler-Maruyama,3,0.327,105.44,0.0153166
Euler-Maruyama,3,0.328,105.318,0.015862
Euler-Maruyama,3,0.329,104.422,0.0154504
Euler-Maruyama,3,0.33,104.139,0.0152429
Euler-Maruyama,3,0.331,103.875,0.0138532
Euler-Maruyama,3,0.332,104.52,0.015367
Euler-Maruyama,3,0.333,104.723,0.0148771
Euler-Maruyama,3,0.334,104.809,0.0148614
Euler-Maruyama,3,0.335,104.766,0.015982
Euler-Maruyama,3,0.336,104.179,0.0159835
Euler-Maruyama,3,0.337,104.199,0.0158307
Euler-Maruyama,3,0.338,104.567,0.0160468
Euler-Maruyama,3,0.339,104.43,0.0154533
Euler-Maruyama,3,0.34,104.799,0.0159079
Euler-Maruyama,3,0.341,104.586,0.0154498
Euler-Maruyama,3,0.342,104.549,0.0161678
Euler-Maruyama,3,0.343,105.064,0.0150188
Euler-Maruyama,3,0.344,104.719,0.0151737
Euler-Maruyama,3,0.345,104.769,0.0134882
Euler-Maruyama,3,0.346,104.615,0.0134079
Euler-Maruyama,3,0.347,104.359,0.0140845
Euler-Maruyama,3,0.348,104.318,0.0157216
Euler-Maruyama,3,0.349,104.229,0.0158031
Euler-Maruyama,3,0.35,104.166,0.0150611
Euler-Maruyama,3,0.351,104.45,0.0159343
Euler-Maruyama,3,0.352,104.221,0.0176227
Euler-Maruyama,3,0.353,104.616,0.0175269
Euler-Maruyama,3,0.354,105.522,0.016615
Euler-Maruyama,3,0.355,105.376,0.0144157
Euler-Maruyama,3,0.356,105.662,0.0136673
Euler-Maruyama,3,0.357,106.267,0.0134804
Euler-Maruyama,3,0.358,106.059,0.0128522
Euler-Maruyama,3,0.359,106.72,0.0140199
Euler-Maruyama,3,0.36,107.12,0.0156051
Euler-Maruyama,3,0.361,107.146,0.0165723
Euler-Maruyama,3,0.362,106.407,0.0159009
Euler-Maruyama,3,0.363,106.289,0.015724
Euler-Maruyama,3,0.364,106.356,0.0154253
Euler-Maruyama,3,0.365,105.96,0.0148568
Euler-Maruyama,3,0.366,106.184,0.0154954
Euler-Maruyama,3,0.367,106.677,0.0159108
Euler-Maruyama,3,0.368,106.114,0.0160086
Euler-Maruyama,3,0.369,106.232,0.0185021
Euler-Maruyama,3,0.37,105.865,0.0187348
Euler-Maruyama,3,0.371,105.679,0.0191028
Euler-Maruyama,3,0.372,105.511,0.0178701
Euler-Maruyama,3,0.373,105.21,0.0175183
Euler-Maruyama,3,0.374,104.694,0.018332
Euler-Maruyama,3,0.375,105.306,0.0196222
Euler-Maruyama,3,0.376,105.104,0.0187045
Euler-Maruyama,3,0.377,104.788,0.0190619
Euler-Maruyama,3,0.378,105.616,0.0194305
Euler-Maruyama,3,0.379,105.268,0.0185576
Euler-Maruyama,3,0.38,105.545,0.0197578
Euler-Maruyama,3,0.381,105.651,0.020722
Euler-Maruyama,3,0.382,105.519,0.0202838
Euler-Maruyama,3,0.383,104.796,0.0212842
Euler-Maruyama,3,0.384,104.979,0.0199461
Euler-Maruyama,3,0.385,105.08,0.0209627
Euler-Maruyama,3,0.386,105.844,0.0194316
Euler-Maruyama,3,0.387,105.743,0.019584
Euler-Maruyama,3,0.388,105.394,0.0191495
Euler-Maruyama,3,0.389,104.938,0.0213439
Euler-Maruyama,3,0.39,105.228,0.0201719
Euler-Maruyama,3,0.391,106.082,0.0192452
Euler-Maruyama,3,0.392,106.074,0.0189841
Euler-Maruyama,3,0.393,105.636,0.0172509
Euler-Maruyama,3,0.394,105.579,0.0164663
Euler-Maruyama,3,0.395,104.945,0.0154338
Euler-Maruyama,3,0.396,104.899,0.0139404
Euler-Maruyama,3,0.397,104.944,0.0130191
Euler-Maruyama,3,0.398,104.897,0.0118791
Euler-Maruyama,3,0.399,104.888,0.0104687
Euler-Maruyama,3,0.4,105.222,0.0119012
Euler-Maruyama,3,0.401,105.33,0.0122632
Euler-Maruyama,3,0.402,105.418,0.0112526
Euler-Maruyama,3,0.403,105.236,0.0127636
Euler-Maruyama,3,0.404,105.096,0.0137661
Euler-Maruyama,3,0.405,105.068,0.0143123
Euler-Maruyama,3,0.406,104.565,0.01261
Euler-Maruyama,3,0.407,104.938,0.0123924
Euler-Maruyama,3,0.408,105.499,0.0127161
Euler-Maruyama,3,0.409,105.387,0.0117049
Euler-Maruyama,3,0.41,105.19,0.0106657
Euler-Maruyama,3,0.411,104.614,0.0108249
Euler-Maruyama,3,0.412,104.399,0.00996427
Euler-Maruyama,3,0.413,104.2,0.0113547
Euler-Maruyama,3,0.414,104.305,0.0100744
Euler-Maruyama,3,0.415,104.305,0.00891677
Euler-Maruyama,3,0.416,104.558,0.00925027
Euler-Maruyama,3,0.417,104.431,0.00943844
Euler-Maruyama,3,0.418,104.508,0.01055
Euler-Maruyama,3,0.419,104.775,0.0104858
Euler-Maruyama,3,0.42,104.048,0.00943643
Euler-Maruyama,3,0.421,104.039,0.00977893
Euler-Maruyama,3,0.422,103.935,0.00941632
Euler-Maruyama,3,0.423,103.681,0.00931509
Euler-Maruyama,3,0.424,103.942,0.00970045
Euler-Maruyama,3,0.425,103.74,0.00732158
Euler-Maruyama,3,0.426,103.86,0.00773491
Euler-Maruyama,3,0.427,103.656,0.00694281
Euler-Maruyama,3,0.428,103.593,0.00680559
Euler-Maruyama,3,0.429,103.5,0.0074212
Euler-Maruyama,3,0.43,103.645,0.00654236
Euler-Maruyama,3,0.431,104.168,0.00635165
Euler-Maruyama,3,0.432,104.055,0.00712648
Euler-Maruyama,3,0.433,103.808,0.00784404
Euler-Maruyama,3,0.434,103.715,0.00726121
Euler-Maruyama,3,0.435,103.649,0.0087436
Euler-Maruyama,3,0.436,103.945,0.00889531
Euler-Maruyama,3,0.437,104.228,0.00837859
Euler-Maruyama,3,0.438,104.238,0.00693795
Euler-Maruyama,3,0.439,103.956,0.00847887
Euler-Maruyama,3,0.44,104.3,0.00869692
Euler-Maruyama,3,0.441,104.316,0.00923613
Euler-Maruyama,3,0.442,103.858,0.0088334
Euler-Maruyama,3,0.443,103.999,0.0103831
Euler-Maruyama,3,0.444,103.621,0.0114122
Euler-Maruyama,3,0.445,103.755,0.00954421
Euler-Maruyama,3,0.446,103.788,0.00968778
Euler-Maruyama,3,0.447,103.725,0.00952065
Euler-Maruyama,3,0.448,103.69,0.00974758
Euler-Maruyama,3,0.449,103.816,0.00860359
Euler-Maruyama,3,0.45,103.677,0.00939374
Euler-Maruyama,3,0.451,104.003,0.00974739
Euler-Maruyama,3,0.452,103.8,0.010705
Euler-Maruyama,3,0.453,104.302,0.0094606
Euler-Maruyama,3,0.454,104.866,0.0100828
Euler-Maruyama,3,0.455,104.045,0.00963402
Euler-Maruyama,3,0.456,104.313,0.0090354
Euler-Maruyama,3,0.457,104.394,0.0110577
Euler-Maruyama,3,0.458,104.803,0.011251
Euler-Maruyama,3,0.459,104.965,0.0116111
Euler-Maruyama,3,0.46,104.664,0.0102942
Euler-Maruyama,3,0.461,104.958,0.0100358
Euler-Maruyama,3,0.462,105.38,0.0118356
Euler-Maruyama,3,0.463,105.259,0.0133016
Euler-Maruyama,3,0.464,105.154,0.0140775
Euler-Maruyama,3,0.465,105.18,0.0147958
Euler-Maruyama,3,0.466,105.356,0.01221
Euler-Maruyama,3,0.467,104.832,0.0129358
Euler-Maruyama,3,0.468,104.815,0.0138877
Euler-Maruyama,3,0.469,104.98,0.0131611
Euler-Maruyama,3,0.47,104.571,0.0123576
Euler-Maruyama,3,0.471,104.343,0.0129857
Euler-Maruyama,3,0.472,104.38,0.0130926
Euler-Maruyama,3,0.473,104.625,0.0146622
Euler-Maruyama,3,0.474,104.934,0.0147592
Euler-Maruyama,3,0.475,104.137,0.0154135
Euler-Maruyama,3,0.476,103.401,0.0154485
Euler-Maruyama,3,0.477,103.215,0.0142358
Euler-Maruyama,3,0.478,103.219,0.0151507
Euler-Maruyama,3,0.479,103.188,0.0151754
Euler-Maruyama,3,0.48,102.233,0.0147057
Euler-Maruyama,3,0.481,102.487,0.0166711
Euler-Maruyama,3,0.482,101.833,0.014821
Euler-Maruyama,3,0.483,101.541,0.0132158
Euler-Maruyama,3,0.484,101.097,0.0132305
Euler-Maruyama,3,0.485,101.473,0.016169
Euler-Maruyama,3,0.486,101.72,0.0158084
Euler-Maruyama,3,0.487,101.647,0.0163392
Euler-Maruyama,3,0.488,101.643,0.0150751
Euler-Maruyama,3,0.489,101.975,0.0161913
Euler-Maruyama,3,0.49,101.849,0.014591
Euler-Maruyama,3,0.491,102.508,0.0153548
Euler-Maruyama,3,0.492,101.972,0.0152539
Euler-Maruyama,3,0.493,102.165,0.0168562
Euler-Maruyama,3,0.494,102.228,0.019191
Euler-Maruyama,3,0.495,101.89,0.0184474
Euler-Maruyama,3,0.496,102.11,0.0187243
Euler-Maruyama,3,0.497,101.835,0.0167925
Euler-Maruyama,3,0.498,102.381,0.017279
Euler-Maruyama,3,0.499,102.539,0.0168022
Euler-Maruyama,3,0.5,101.929,0.0174721
Euler-Maruyama,3,0.501,101.871,0.0167609
Euler-Maruyama,3,0.502,101.723,0.0151374
Euler-Maruyama,3,0.503,101.764,0.0165954
Euler-Maruyama,3,0.504,101.996,0.0173946
Euler-Maruyama,3,0.505,101.682,0.0181535
Euler-Maruyama,3,0.506,101.302,0.0182344
Euler-Maruyama,3,0.507,101.704,0.0158254
Euler-Maruyama,3,0.508,101.4,0.0175734
Euler-Maruyama,3,0.509,101.365,0.0182666
Euler-Maruyama,3,0.51,101.766,0.0192331
Euler-Maruyama,3,0.511,101.861,0.021592
Euler-Maruyama,3,0.512,102.616,0.0190963
Euler-Maruyama,3,0.513,103.243,0.0182936
Euler-Maruyama,3,0.514,102.68,0.0161563
Euler-Maruyama,3,0.515,103.175,0.0145604
Euler-Maruyama,3,0.516,102.795,0.0125854
Euler-Maruyama,3,0.517,102.783,0.0124836
Euler-Maruyama,3,0.518,102.65,0.0109257
Euler-Maruyama,3,0.519,103.402,0.01007
Euler-Maruyama,3,0.52,103.771,0.0108028
Euler-Maruyama,3,0.521,103.853,0.0110683
Euler-Maruyama,3,0.522,104.27,0.0119605
Euler-Maruyama,3,0.523,104.085,0.0105277
Euler-Maruyama,3,0.524,104.088,0.0106322
Euler-Maruyama,3,0.525,104.194,0.0106277
Euler-Maruyama,3,0.526,103.751,0.0129008
Euler-Maruyama,3,0.527,103.609,0.0120616
Euler-Maruyama,3,0.528,104.182,0.0126967
Euler-Maruyama,3,0.529,104.504,0.0120869
Euler-Maruyama,3,0.53,104.39,0.0116553
Euler-Maruyama,3,0.531,105.224,0.0122897
Euler-Maruyama,3,0.532,105.495,0.0118553
Euler-Maruyama,3,0.533,105.039,0.0112259
Euler-Maruyama,3,0.534,104.708,0.0110525
Euler-Maruyama,3,0.535,104.221,0.0118375
Euler-Maruyama,3,0.536,104.697,0.0130962
Euler-Maruyama,3,0.537,104.825,0.0110173
Euler-Maruyama,3,0.538,104.171,0.0110801
Euler-Maruyama,3,0.539,103.815,0.0118658
Euler-Maruyama,3,0.54,103.674,0.011788
Euler-Maruyama,3,0.541,103.621,0.012412
Euler-Maruyama,3,0.542,104.339,0.0119379
Euler-Maruyama,3,0.543,104.253,0.0100064
Euler-Maruyama,3,0.544,103.335,0.0103235
Euler-Maruyama,3,0.545,103.498,0.0107674
Euler-Maruyama,3,0.546,103.526,0.00932781
Euler-Maruyama,3,0.547,103.418,0.00898445
Euler-Maruyama,3,0.548,103.775,0.00984253
Euler-Maruyama,3,0.549,103.492,0.00905221
Euler-Maruyama,3,0.55,103.18,0.011613
Euler-Maruyama,3,0.551,102.447,0.0122558
Euler-Maruyama,3,0.552,102.267,0.0119578
Euler-Maruyama,3,0.553,101.977,0.0124814
Euler-Maruyama,3,0.554,101.77,0.0100842
Euler-Maruyama,3,0.555,101.777,0.010319
Euler-Maruyama,3,0.556,101.919,0.00981988
Euler-Maruyama,3,0.557,101.654,0.00908451
Euler-Maruyama,3,0.558,101.869,0.00915955
Euler-Maruyama,3,0.559,102.101,0.00949007
Euler-Maruyama,3,0.56,102.076,0.0109338
Euler-Maruyama,3,0.561,102.437,0.0089064
Euler-Maruyama,3,0.562,102.358,0.00712643
Euler-Maruyama,3,0.563,102.466,0.00678364
Euler-Maruyama,3,0.564,102.362,0.00593694
Euler-Maruyama,3,0.565,102.204,0.00465683
Euler-Maruyama,3,0.566,102.432,0.00456385
Euler-Maruyama,3,0.567,102.342,0.00415043
Euler-Maruyama,3,0.568,102.274,0.00433936
Euler-Maruyama,3,0.569,102.295,0.00408311
Euler-Maruyama,3,0.57,102.474,0.00384147
Euler-Maruyama,3,0.571,102.582,0.0045146
Euler-Maruyama,3,0.572,102.808,0.00452534
Euler-Maruyama,3,0.573,102.594,0.00394657
Euler-Maruyama,3,0.574,102.415,0.00446223
Euler-Maruyama,3,0.575,102.255,0.00555055
Euler-Maruyama,3,0.576,102.198,0.00652731
Euler-Maruyama,3,0.577,102.278,0.00802793
Euler-Maruyama,3,0.578,101.933,0.00869598
Euler-Maruyama,3,0.579,102.329,0.00971408
Euler-Maruyama,3,0.58,103.039,0.00877609
Euler-Maruyama,3,0.581,103.259,0.0080266
Euler-Maruyama,3,0.582,103.287,0.0078263
Euler-Maruyama,3,0.583,102.999,0.00935383
Euler-Maruyama,3,0.584,102.907,0.00908755
Euler-Maruyama,3,0.585,102.73,0.00938938
Euler-Maruyama,3,0.586,103.298,0.00962534
Euler-Maruyama,3,0.587,103.616,0.010853
Euler-Maruyama,3,0.588,103.612,0.0101032
Euler-Maruyama,3,0.589,104.123,0.0108264
Euler-Maruyama,3,0.59,103.9,0.0110376
Euler-Maruyama,3,0.591,103.817,0.0123119
Euler-Maruyama,3,0.592,103.903,0.0106434
Euler-Maruyama,3,0.593,103.906,0.0109194
Euler-Maruyama,3,0.594,103.56,0.0103922
Euler-Maruyama,3,0.595,103.497,0.00933857
Euler-Maruyama,3,0.596,103.108,0.00958338
Euler-Maruyama,3,0.597,103.604,0.00987268
Euler-Maruyama,3,0.598,102.85,0.0101361
Euler-Maruyama,3,0.599,103.321,0.00865155
Euler-Maruyama,3,0.6,103.629,0.00861067
Euler-Maruyama,3,0.601,103.984,0.00977017
Euler-Maruyama,3,0.602,104.339,0.0107175
Euler-Maruyama,3,0.603,104.157,0.0104481
Euler-Maruyama,3,0.604,104.409,0.010736
Euler-Maruyama,3,0.605,105.016,0.0109249
Euler-Maruyama,3,0.606,105.644,0.0110479
Euler-Maruyama,3,0.607,105.548,0.0107414
Euler-Maruyama,3,0.608,105.742,0.0101341
Euler-Maruyama,3,0.609,105.825,0.00978085
Euler-Maruyama,3,0.61,105.819,0.00879845
Euler-Maruyama,3,0.611,105.587,0.00919594
Euler-Maruyama,3,0.612,105.206,0.008233
Euler-Maruyama,3,0.613,105.192,0.00751895
Euler-Maruyama,3,0.614,105.424,0.00837957
Euler-Maruyama,3,0.615,105.086,0.00690382
Euler-Maruyama,3,0.616,104.719,0.00659939
Euler-Maruyama,3,0.617,104.766,0.00765179
Euler-Maruyama,3,0.618,104.7,0.00672677
Euler-Maruyama,3,0.619,105.105,0.0070236
Euler-Maruyama,3,0.62,105.307,0.00634264
Euler-Maruyama,3,0.621,105.101,0.00646788
Euler-Maruyama,3,0.622,105.435,0.00552236
Euler-Maruyama,3,0.623,105.472,0.00349012
Euler-Maruyama,3,0.624,105.711,0.00407955
Euler-Maruyama,3,0.625,105.782,0.00391208
Euler-Maruyama,3,0.626,105.635,0.00400891
Euler-Maruyama,3,0.627,105.705,0.00549332
Euler-Maruyama,3,0.628,105.78,0.00578034
Euler-Maruyama,3,0.629,105.63,0.00613166
Euler-Maruyama,3,0.63,105.198,0.00571268
Euler-Maruyama,3,0.631,105.388,0.00547293
Euler-Maruyama,3,0.632,106.055,0.00584144
Euler-Maruyama,3,0.633,106.258,0.00622504
Euler-Maruyama,3,0.634,106.337,0.0067527
Euler-Maruyama,3,0.635,106.581,0.00674332
Euler-Maruyama,3,0.636,106.702,0.00612781
Euler-Maruyama,3,0.637,107.172,0.00613339
Euler-Maruyama,3,0.638,106.632,0.00589847
Euler-Maruyama,3,0.639,106.246,0.00585103
Euler-Maruyama,3,0.64,106.892,0.00550177
Euler-Maruyama,3,0.641,107.053,0.00567267
Euler-Maruyama,3,0.642,107.125,0.00550717
Euler-Maruyama,3,0.643,107.09,0.00674201
Euler-Maruyama,3,0.644,107.158,0.00738561
Euler-Maruyama,3,0.645,107.648,0.00536605
Euler-Maruyama,3,0.646,107.58,0.00543801
Euler-Maruyama,3,0.647,107.874,0.00541504
Euler-Maruyama,3,0.648,107.331,0.0062957
Euler-Maruyama,3,0.649,107.594,0.00558541
Euler-Maruyama,3,0.65,107.532,0.00588331
Euler-Maruyama,3,0.651,107.229,0.0053242
Euler-Maruyama,3,0.652,107.307,0.00616386
Euler-Maruyama,3,0.653,107.014,0.00718559
Euler-Maruyama,3,0.654,107.139,0.00675962
Euler-Maruyama,3,0.655,106.836,0.00626993
Euler-Maruyama,3,0.656,106.654,0.00524254
Euler-Maruyama,3,0.657,106.767,0.00548184
Euler-Maruyama,3,0.658,106.462,0.00605708
Euler-Maruyama,3,0.659,106.233,0.00703774
Euler-Maruyama,3,0.66,106.303,0.00576611
Euler-Maruyama,3,0.661,106.004,0.00614218
Euler-Maruyama,3,0.662,106.157,0.00624737
Euler-Maruyama,3,0.663,106.29,0.00566219
Euler-Maruyama,3,0.664,106.274,0.00487558
Euler-Maruyama,3,0.665,106.452,0.00502533
Euler-Maruyama,3,0.666,106.513,0.00473364
Euler-Maruyama,3,0.667,106.814,0.00408608
Euler-Maruyama,3,0.668,107.135,0.00342699
Euler-Maruyama,3,0.669,107.194,0.00376595
Euler-Maruyama,3,0.67,107.208,0.0040787
Euler-Maruyama,3,0.671,106.987,0.00438265
Euler-Maruyama,3,0.672,107.245,0.00422179
Euler-Maruyama,3,0.673,107.312,0.00373987
Euler-Maruyama,3,0.674,107.388,0.00437898
Euler-Maruyama,3,0.675,107.356,0.00449783
Euler-Maruyama,3,0.676,107.348,0.00361053
Euler-Maruyama,3,0.677,107.221,0.00290169
Euler-Maruyama,3,0.678,107.1,0.00304305
Euler-Maruyama,3,0.679,107.101,0.00397183
Euler-Maruyama,3,0.68,107.155,0.00379685
Euler-Maruyama,3,0.681,107.006,0.00276504
Euler-Maruyama,3,0.682,107.084,0.00342737
Euler-Maruyama,3,0.683,107.008,0.00379623
Euler-Maruyama,3,0.684,106.694,0.00463876
Euler-Maruyama,3,0.685,106.721,0.00412006
Euler-Maruyama,3,0.686,106.801,0.00454533
Euler-Maruyama,3,0.687,106.909,0.00485467
Euler-Maruyama,3,0.688,106.786,0.00394905
Euler-Maruyama,3,0.689,106.726,0.00304119
Euler-Maruyama,3,0.69,106.533,0.00327455
Euler-Maruyama,3,0.691,106.542,0.00238839
Euler-Maruyama,3,0.692,106.509,0.00168059
Euler-Maruyama,3,0.693,106.586,0.00233011
Euler-Maruyama,3,0.694,106.626,0.00256444
Euler-Maruyama,3,0.695,106.564,0.00292596
Euler-Maruyama,3,0.696,106.456,0.00288617
Euler-Maruyama,3,0.697,106.136,0.00292635
Euler-Maruyama,3,0.698,106.345,0.00322843
Euler-Maruyama,3,0.699,106.72,0.00379091
Euler-Maruyama,3,0.7,106.668,0.0026758
Euler-Maruyama,3,0.701,106.657,0.00295008
Euler-Maruyama,3,0.702,106.492,0.00266868
Euler-Maruyama,3,0.703,106.472,0.00309365
Euler-Maruyama,3,0.704,106.341,0.00330164
Euler-Maruyama,3,0.705,106.207,0.00293607
Euler-Maruyama,3,0.706,106.37,0.00301278
Euler-Maruyama,3,0.707,106.002,0.00314784
Euler-Maruyama,3,0.708,105.855,0.00273828
Euler-Maruyama,3,0.709,105.803,0.00246364
Euler-Maruyama,3,0.71,106.061,0.00251839
Euler-Maruyama,3,0.711,105.879,0.00227461
Euler-Maruyama,3,0.712,106.002,0.00247499
Euler-Maruyama,3,0.713,106.242,0.00265106
Euler-Maruyama,3,0.714,106.032,0.00205237
Euler-Maruyama,3,0.715,105.892,0.00264498
Euler-Maruyama,3,0.716,106.001,0.00253628
Euler-Maruyama,3,0.717,106.032,0.00229933
Euler-Maruyama,3,0.718,106.103,0.00277951
Euler-Maruyama,3,0.719,106.293,0.003539
Euler-Maruyama,3,0.72,106.22,0.00313279
Euler-Maruyama,3,0.721,106.302,0.00251376
Euler-Maruyama,3,0.722,106.188,0.00221482
Euler-Maruyama,3,0.723,106.138,0.00293861
Euler-Maruyama,3,0.724,106.255,0.00328862
Euler-Maruyama,3,0.725,106.075,0.00393372
Euler-Maruyama,3,0.726,105.903,0.00404901
Euler-Maruyama,3,0.727,105.902,0.00434656
Euler-Maruyama,3,0.728,105.877,0.00362967
Euler-Maruyama,3,0.729,105.964,0.00442303
Euler-Maruyama,3,0.73,105.879,0.00553587
Euler-Maruyama,3,0.731,106.17,0.00624073
Euler-Maruyama,3,0.732,105.966,0.0065758
Euler-Maruyama,3,0.733,106.18,0.00531685
Euler-Maruyama,3,0.734,106.236,0.00551728
Euler-Maruyama,3,0.735,106.454,0.00540674
Euler-Maruyama,3,0.736,106.404,0.004881
Euler-Maruyama,3,0.737,106.414,0.00482757
Euler-Maruyama,3,0.738,106.854,0.00509019
Euler-Maruyama,3,0.739,107.421,0.00652111
Euler-Maruyama,3,0.74,107.534,0.00556112
Euler-Maruyama,3,0.741,107.428,0.00466386
Euler-Maruyama,3,0.742,107.517,0.00469729
Euler-Maruyama,3,0.743,107.359,0.00511554
Euler-Maruyama,3,0.744,107.68,0.00574936
Euler-Maruyama,3,0.745,107.54,0.00561447
Euler-Maruyama,3,0.746,107.751,0.00621063
Euler-Maruyama,3,0.747,107.676,0.00645581
Euler-Maruyama,3,0.748,107.552,0.00524939
Euler-Maruyama,3,0.749,107.742,0.00586032
Euler-Maruyama,3,0.75,107.606,0.00678973
Euler-Maruyama,3,0.751,107.19,0.00643573
Euler-Maruyama,3,0.752,107.118,0.00699908
Euler-Maruyama,3,0.753,107.645,0.0073467
Euler-Maruyama,3,0.754,108.041,0.00707389
Euler-Maruyama,3,0.755,107.75,0.00741308
Euler-Maruyama,3,0.756,107.887,0.00728177
Euler-Maruyama,3,0.757,108.015,0.00720403
Euler-Maruyama,3,0.758,108.553,0.00560906
Euler-Maruyama,3,0.759,108.511,0.00509626
Euler-Maruyama,3,0.76,108.249,0.00541846
Euler-Maruyama,3,0.761,108.222,0.00514071
Euler-Maruyama,3,0.762,107.947,0.00423299
Euler-Maruyama,3,0.763,108.013,0.00483986
Euler-Maruyama,3,0.764,107.727,0.00543698
Euler-Maruyama,3,0.765,108.148,0.00541999
Euler-Maruyama,3,0.766,107.758,0.004722
Euler-Maruyama,3,0.767,107.648,0.00509295
Euler-Maruyama,3,0.768,107.985,0.00441637
Euler-Maruyama,3,0.769,107.739,0.00370279
Euler-Maruyama,3,0.77,107.53,0.00386733
Euler-Maruyama,3,0.771,107.088,0.00428554
Euler-Maruyama,3,0.772,106.918,0.00446367
Euler-Maruyama,3,0.773,107.068,0.00519033
Euler-Maruyama,3,0.774,107.251,0.00536417
Euler-Maruyama,3,0.775,107.191,0.00631244
Euler-Maruyama,3,0.776,106.384,0.00658955
Euler-Maruyama,3,0.777,106.058,0.00737846
Euler-Maruyama,3,0.778,106.195,0.00839492
Euler-Maruyama,3,0.779,106.644,0.00923556
Euler-Maruyama,3,0.78,107.765,0.0108793
Euler-Maruyama,3,0.781,107.642,0.010762
Euler-Maruyama,3,0.782,107.679,0.010542
Euler-Maruyama,3,0.783,107.959,0.0112226
Euler-Maruyama,3,0.784,108.278,0.0120678
Euler-Maruyama,3,0.785,108.481,0.0115109
Euler-Maruyama,3,0.786,108.28,0.0113292
Euler-Maruyama,3,0.787,108.333,0.0097958
Euler-Maruyama,3,0.788,108.356,0.00915595
Euler-Maruyama,3,0.789,108.395,0.00888172
Euler-Maruyama,3,0.79,108.358,0.0115287
Euler-Maruyama,3,0.791,108.657,0.0115327
Euler-Maruyama,3,0.792,108.95,0.0119506
Euler-Maruyama,3,0.793,109.227,0.00992795
Euler-Maruyama,3,0.794,108.847,0.0097019
Euler-Maruyama,3,0.795,108.369,0.0092961
Euler-Maruyama,3,0.796,108.91,0.00762816
Euler-Maruyama,3,0.797,108.787,0.00765223
Euler-Maruyama,3,0.798,108.738,0.00736723
Euler-Maruyama,3,0.799,109.215,0.0067729
Euler-Maruyama,3,0.8,109.088,0.0056364
Euler-Maruyama,3,0.801,109.331,0.00550916
Euler-Maruyama,3,0.802,109.361,0.00574116
Euler-Maruyama,3,0.803,109.564,0.00506771
Euler-Maruyama,3,0.804,109.479,0.00505087
Euler-Maruyama,3,0.805,109.383,0.00470244
Euler-Maruyama,3,0.806,109.388,0.00515954
Euler-Maruyama,3,0.807,109.553,0.00633712
Euler-Maruyama,3,0.808,109.724,0.00723996
Euler-Maruyama,3,0.809,109.563,0.00889951
Euler-Maruyama,3,0.81,109.198,0.00871657
Euler-Maruyama,3,0.811,108.936,0.00755818
Euler-Maruyama,3,0.812,109.402,0.0062602
Euler-Maruyama,3,0.813,109.796,0.00471914
Euler-Maruyama,3,0.814,109.646,0.00470868
Euler-Maruyama,3,0.815,109.244,0.00461422
Euler-Maruyama,3,0.816,108.84,0.004679
Euler-Maruyama,3,0.817,108.737,0.00538702
Euler-Maruyama,3,0.818,109.078,0.00624992
Euler-Maruyama,3,0.819,109.091,0.00574007
Euler-Maruyama,3,0.82,109.035,0.00530811
Euler-Maruyama,3,0.821,109.216,0.00409562
Euler-Maruyama,3,0.822,109.079,0.004637
Euler-Maruyama,3,0.823,109.392,0.00381518
Euler-Maruyama,3,0.824,109.586,0.0045441
Euler-Maruyama,3,0.825,109.582,0.00487163
Euler-Maruyama,3,0.826,109.579,0.00530657
Euler-Maruyama,3,0.827,109.764,0.00564172
Euler-Maruyama,3,0.828,110.024,0.00626466
Euler-Maruyama,3,0.829,109.755,0.00693626
Euler-Maruyama,3,0.83,109.569,0.00544281
Euler-Maruyama,3,0.831,109.602,0.00563497
Euler-Maruyama,3,0.832,109.898,0.00409103
Euler-Maruyama,3,0.833,109.783,0.00458899
Euler-Maruyama,3,0.834,110.025,0.00533083
Euler-Maruyama,3,0.835,109.865,0.00420254
Euler-Maruyama,3,0.836,109.608,0.00368778
Euler-Maruyama,3,0.837,109.403,0.00303842
Euler-Maruyama,3,0.838,109.091,0.00267265
Euler-Maruyama,3,0.839,109.325,0.00349078
Euler-Maruyama,3,0.84,109.348,0.00338557
Euler-Maruyama,3,0.841,109.261,0.00338436
Euler-Maruyama,3,0.842,109.599,0.00378099
Euler-Maruyama,3,0.843,109.743,0.00284858
Euler-Maruyama,3,0.844,109.903,0.00299391
Euler-Maruyama,3,0.845,110.192,0.00376172
Euler-Maruyama,3,0.846,110.188,0.00270526
Euler-Maruyama,3,0.847,110.032,0.00303399
Euler-Maruyama,3,0.848,110.003,0.00270169
Euler-Maruyama,3,0.849,109.948,0.00288207
Euler-Maruyama,3,0.85,110.035,0.00352602
Euler-Maruyama,3,0.851,109.771,0.00381333
Euler-Maruyama,3,0.852,109.862,0.00358047
Euler-Maruyama,3,0.853,109.932,0.00324866
Euler-Maruyama,3,0.854,109.92,0.00381957
Euler-Maruyama,3,0.855,109.97,0.0044582
Euler-Maruyama,3,0.856,110.256,0.00484917
Euler-Maruyama,3,0.857,110.062,0.00558762
Euler-Maruyama,3,0.858,110.148,0.00483931
Euler-Maruyama,3,0.859,110.567,0.00518707
Euler-Maruyama,3,0.86,110.691,0.00699736
Euler-Maruyama,3,0.861,110.98,0.00613706
Euler-Maruyama,3,0.862,111.398,0.00626367
Euler-Maruyama,3,0.863,111.389,0.00557267
Euler-Maruyama,3,0.864,111.866,0.00596714
Euler-Maruyama,3,0.865,111.878,0.005543
Euler-Maruyama,3,0.866,111.647,0.00413796
Euler-Maruyama,3,0.867,111.561,0.00338692
Euler-Maruyama,3,0.868,111.429,0.00396807
Euler-Maruyama,3,0.869,111.621,0.00414778
Euler-Maruyama,3,0.87,111.766,0.0041685
Euler-Maruyama,3,0.871,111.619,0.00442743
Euler-Maruyama,3,0.872,111.481,0.00570413
Euler-Maruyama,3,0.873,111.403,0.00530868
Euler-Maruyama,3,0.874,111.54,0.0052765
Euler-Maruyama,3,0.875,111.403,0.00602084
Euler-Maruyama,3,0.876,111.536,0.00709734
Euler-Maruyama,3,0.877,111.954,0.00964238
Euler-Maruyama,3,0.878,112.059,0.0115439
Euler-Maruyama,3,0.879,111.656,0.0104755
Euler-Maruyama,3,0.88,111.782,0.0112883
Euler-Maruyama,3,0.881,111.578,0.0119415
Euler-Maruyama,3,0.882,111.364,0.0133344
Euler-Maruyama,3,0.883,111.076,0.0119558
Euler-Maruyama,3,0.884,111.714,0.0129428
Euler-Maruyama,3,0.885,112.506,0.0125356
Euler-Maruyama,3,0.886,112.573,0.0118223
Euler-Maruyama,3,0.887,112.759,0.0117699
Euler-Maruyama,3,0.888,112.441,0.0138463
Euler-Maruyama,3,0.889,111.292,0.0127911
Euler-Maruyama,3,0.89,110.963,0.0109302
Euler-Maruyama,3,0.891,111.4,0.0118418
Euler-Maruyama,3,0.892,111.067,0.0136606
Euler-Maruyama,3,0.893,111.064,0.0136039
Euler-Maruyama,3,0.894,110.673,0.0158751
Euler-Maruyama,3,0.895,110.461,0.0180032
Euler-Maruyama,3,0.896,110.631,0.0171857
Euler-Maruyama,3,0.897,110.825,0.0182384
Euler-Maruyama,3,0.898,110.951,0.0159651
Euler-Maruyama,3,0.899,111.393,0.0155171
Euler-Maruyama,3,0.9,110.4,0.0166955
Euler-Maruyama,3,0.901,110.999,0.0151381
Euler-Maruyama,3,0.902,110.938,0.0149884
Euler-Maruyama,3,0.903,111.365,0.0157091
Euler-Maruyama,3,0.904,111.956,0.0157603
Euler-Maruyama,3,0.905,112.697,0.0157463
Euler-Maruyama,3,0.906,112.969,0.0144506
Euler-Maruyama,3,0.907,112.397,0.0150502
Euler-Maruyama,3,0.908,113.061,0.014997
Euler-Maruyama,3,0.909,112.495,0.0137218
Euler-Maruyama,3,0.91,112.21,0.0135985
Euler-Maruyama,3,0.911,112.33,0.0131785
Euler-Maruyama,3,0.912,112.303,0.0132921
Euler-Maruyama,3,0.913,113.929,0.012135
Euler-Maruyama,3,0.914,113.821,0.0123645
Euler-Maruyama,3,0.915,113.773,0.0107146
Euler-Maruyama,3,0.916,113.729,0.01119
Euler-Maruyama,3,0.917,114.27,0.00960992
Euler-Maruyama,3,0.918,114.089,0.010623
Euler-Maruyama,3,0.919,114.122,0.0112793
Euler-Maruyama,3,0.92,113.952,0.0120549
Euler-Maruyama,3,0.921,113.158,0.0134686
Euler-Maruyama,3,0.922,113.445,0.0130684
Euler-Maruyama,3,0.923,114.213,0.0140838
Euler-Maruyama,3,0.924,114.214,0.012863
Euler-Maruyama,3,0.925,114.689,0.0114274
Euler-Maruyama,3,0.926,114.616,0.00897949
Euler-Maruyama,3,0.927,115.48,0.00788451
Euler-Maruyama,3,0.928,115.663,0.00953666
Euler-Maruyama,3,0.929,115.652,0.00935714
Euler-Maruyama,3,0.93,115.423,0.00846887
Euler-Maruyama,3,0.931,115.847,0.00839832
Euler-Maruyama,3,0.932,115.71,0.00894874
Euler-Maruyama,3,0.933,115.474,0.00959287
Euler-Maruyama,3,0.934,115.423,0.0087196
Euler-Maruyama,3,0.935,115.269,0.00740009
Euler-Maruyama,3,0.936,115.149,0.00873429
Euler-Maruyama,3,0.937,114.874,0.00932474
Euler-Maruyama,3,0.938,114.521,0.0108864
Euler-Maruyama,3,0.939,114.527,0.0108876
Euler-Maruyama,3,0.94,114.178,0.0116357
Euler-Maruyama,3,0.941,114.034,0.0106024
Euler-Maruyama,3,0.942,113.94,0.0106712
Euler-Maruyama,3,0.943,114.062,0.00909115
Euler-Maruyama,3,0.944,113.744,0.00840772
Euler-Maruyama,3,0.945,113.763,0.00873973
Euler-Maruyama,3,0.946,113.754,0.00843069
Euler-Maruyama,3,0.947,112.95,0.00901594
Euler-Maruyama,3,0.948,112.574,0.00759236
Euler-Maruyama,3,0.949,112.915,0.00772589
Euler-Maruyama,3,0.95,113.39,0.00812995
Euler-Maruyama,3,0.951,113.571,0.00828487
Euler-Maruyama,3,0.952,113.763,0.00933077
Euler-Maruyama,3,0.953,113.961,0.00984204
Euler-Maruyama,3,0.954,113.931,0.00893819
Euler-Maruyama,3,0.955,113.889,0.00953842
Euler-Maruyama,3,0.956,113.92,0.00918695
Euler-Maruyama,3,0.957,113.991,0.00885852
Euler-Maruyama,3,0.958,114.517,0.00869507
Euler-Maruyama,3,0.959,114.757,0.00811703
Euler-Maruyama,3,0.96,114.663,0.00726277
Euler-Maruyama,3,0.961,114.393,0.00762322
Euler-Maruyama,3,0.962,114.966,0.00728942
Euler-Maruyama,3,0.963,114.604,0.00677651
Euler-Maruyama,3,0.964,114.567,0.007094
Euler-Maruyama,3,0.965,114.701,0.00681623
Euler-Maruyama,3,0.966,114.849,0.00618455
Euler-Maruyama,3,0.967,115.253,0.00812804
Euler-Maruyama,3,0.968,115.428,0.00637223
Euler-Maruyama,3,0.969,115.411,0.00597564
Euler-Maruyama,3,0.97,115.171,0.00414482
Euler-Maruyama,3,0.971,115.333,0.00487116
Euler-Maruyama,3,0.972,115.327,0.00397405
Euler-Maruyama,3,0.973,115.115,0.00417045
Euler-Maruyama,3,0.974,114.846,0.00429737
Euler-Maruyama,3,0.975,114.666,0.00548805
Euler-Maruyama,3,0.976,114.28,0.00587692
Euler-Maruyama,3,0.977,113.918,0.00542194
Euler-Maruyama,3,0.978,113.996,0.00618985
Euler-Maruyama,3,0.979,114.47,0.00635847
Euler-Maruyama,3,0.98,114.553,0.00735406
Euler-Maruyama,3,0.981,113.588,0.00652476
Euler-Maruyama,3,0.982,113.595,0.00513292
Euler-Maruyama,3,0.983,113.596,0.00565662
Euler-Maruyama,3,0.984,113.68,0.00462121
Euler-Maruyama,3,0.985,113.883,0.00573485
Euler-Maruyama,3,0.986,113.846,0.00630176
Euler-Maruyama,3,0.987,113.868,0.00854499
Euler-Maruyama,3,0.988,114.046,0.00757627
Euler-Maruyama,3,0.989,114.709,0.00651289
Euler-Maruyama,3,0.99,115.09,0.0054989
Euler-Maruyama,3,0.991,114.911,0.00447916
Euler-Maruyama,3,0.992,114.619,0.00491898
Euler-Maruyama,3,0.993,114.519,0.00515984
Euler-Maruyama,3,0.994,114.392,0.00478149
Euler-Maruyama,3,0.995,114.351,0.00471395
Euler-Maruyama,3,0.996,114.129,0.00389516
Euler-Maruyama,3,0.997,114.318,0.00443115
Euler-Maruyama,3,0.998,114.182,0.00542901
Euler-Maruyama,3,0.999,113.66,0.00552629
Euler-Maruyama,3,1,113.667,0.00513969
Euler-Maruyama,4,0,100,0.04
Euler-Maruyama,4,0.001,99.8556,0.0371797
Euler-Maruyama,4,0.002,99.4521,0.0381118
Euler-Maruyama,4,0.003,99.1039,0.0326264
Euler-Maruyama,4,0.004,99.2551,0.0305099
Euler-Maruyama,4,0.005,99.3838,0.0295263
Euler-Maruyama,4,0.006,99.3358,0.0276561
Euler-Maruyama,4,0.007,99.1852,0.0273707
Euler-Maruyama,4,0.008,98.5731,0.0261002
Euler-Maruyama,4,0.009,98.6384,0.025652
Euler-Maruyama,4,0.01,98.4235,0.0249115
Euler-Maruyama,4,0.011,99.672,0.0228887
Euler-Maruyama,4,0.012,99.505,0.0217553
Euler-Maruyama,4,0.013,100.36,0.0212882
Euler-Maruyama,4,0.014,100.006,0.0229726
Euler-Maruyama,4,0.015,99.8947,0.025656
Euler-Maruyama,4,0.016,99.8862,0.0251221
Euler-Maruyama,4,0.017,99.2005,0.0280641
Euler-Maruyama,4,0.018,98.8705,0.026989
Euler-Maruyama,4,0.019,98.3609,0.0283123
Euler-Maruyama,4,0.02,98.2282,0.0272479
Euler-Maruyama,4,0.021,97.9944,0.030697
Euler-Maruyama,4,0.022,98.2641,0.0307903
Euler-Maruyama,4,0.023,98.7271,0.0306181
Euler-Maruyama,4,0.024,98.7089,0.031522
Euler-Maruyama,4,0.025,98.6129,0.0286494
Euler-Maruyama,4,0.026,99.8996,0.027848
Euler-Maruyama,4,0.027,99.986,0.0290465
Euler-Maruyama,4,0.028,99.9155,0.027293
Euler-Maruyama,4,0.029,100.386,0.0291174
Euler-Maruyama,4,0.03,100.731,0.0290871
Euler-Maruyama,4,0.031,101.147,0.0269591
Euler-Maruyama,4,0.032,101.299,0.0294435
Euler-Maruyama,4,0.033,101.137,0.0322563
Euler-Maruyama,4,0.034,100.763,0.0288942
Euler-Maruyama,4,0.035,102.235,0.0299281
Euler-Maruyama,4,0.036,101.407,0.0280169
Euler-Maruyama,4,0.037,101.367,0.026223
Euler-Maruyama,4,0.038,101.935,0.0287211
Euler-Maruyama,4,0.039,102.091,0.0286288
Euler-Maruyama,4,0.04,102.584,0.0289289
Euler-Maruyama,4,0.041,102.842,0.0288131
Euler-Maruyama,4,0.042,102.496,0.0290258
Euler-Maruyama,4,0.043,102.861,0.0282619
Euler-Maruyama,4,0.044,103.386,0.0284055
Euler-Maruyama,4,0.045,103.547,0.0286936
Euler-Maruyama,4,0.046,103.464,0.03038
Euler-Maruyama,4,0.047,103.166,0.0336274
Euler-Maruyama,4,0.048,103.749,0.034039
Euler-Maruyama,4,0.049,102.826,0.0333198
Euler-Maruyama,4,0.05,103.242,0.033589
Euler-Maruyama,4,0.051,103.649,0.0365495
Euler-Maruyama,4,0.052,104.144,0.0363901
Euler-Maruyama,4,0.053,103.624,0.0356797
Euler-Maruyama,4,0.054,103.467,0.0376975
Euler-Maruyama,4,0.055,102.731,0.0342485
Euler-Maruyama,4,0.056,102.115,0.0355025
Euler-Maruyama,4,0.057,102.457,0.0368371
Euler-Maruyama,4,0.058,101.875,0.0370857
Euler-Maruyama,4,0.059,101.788,0.0363241
Euler-Maruyama,4,0.06,102.433,0.0348847
Euler-Maruyama,4,0.061,103.126,0.0366464
Euler-Maruyama,4,0.062,102.998,0.0380284
Euler-Maruyama,4,0.063,102.155,0.0393157
Euler-Maruyama,4,0.064,102.642,0.0394448
Euler-Maruyama,4,0.065,101.916,0.0408067
Euler-Maruyama,4,0.066,101.041,0.0430121
Euler-Maruyama,4,0.067,100.956,0.0412857
Euler-Maruyama,4,0.068,101.521,0.0416097
Euler-Maruyama,4,0.069,101.944,0.0421933
Euler-Maruyama,4,0.07,102.053,0.0407286
Euler-Maruyama,4,0.071,101.616,0.0431991
Euler-Maruyama,4,0.072,101.86,0.0408385
Euler-Maruyama,4,0.073,101.255,0.0387478
Euler-Maruyama,4,0.074,102.096,0.0383538
Euler-Maruyama,4,0.075,102.73,0.0402826
Euler-Maruyama,4,0.076,104.067,0.0423172
Euler-Maruyama,4,0.077,105.249,0.0420254
Euler-Maruyama,4,0.078,105.794,0.0419177
Euler-Maruyama,4,0.079,106.061,0.0410112
Euler-Maruyama,4,0.08,106.242,0.0438671
Euler-Maruyama,4,0.081,106.235,0.0454683
Euler-Maruyama,4,0.082,106.238,0.0415538
Euler-Maruyama,4,0.083,106.654,0.0421786
Euler-Maruyama,4,0.084,106.556,0.0425418
Euler-Maruyama,4,0.085,106.339,0.0410839
Euler-Maruyama,4,0.086,106.49,0.0435315
Euler-Maruyama,4,0.087,106.659,0.0454169
Euler-Maruyama,4,0.088,106.785,0.0460396
Euler-Maruyama,4,0.089,106.988,0.0486279
Euler-Maruyama,4,0.09,107.652,0.0532882
Euler-Maruyama,4,0.091,107.395,0.055536
Euler-Maruyama,4,0.092,107.086,0.0555643
Euler-Maruyama,4,0.093,105.837,0.0575862
Euler-Maruyama,4,0.094,106.11,0.0560076
Euler-Maruyama,4,0.095,107.997,0.0565688
Euler-Maruyama,4,0.096,107.386,0.0565906
Euler-Maruyama,4,0.097,106.952,0.059816
Euler-Maruyama,4,0.098,107.818,0.0604619
Euler-Maruyama,4,0.099,106.839,0.061599
Euler-Maruyama,4,0.1,106.818,0.0624435
Euler-Maruyama,4,0.101,107.12,0.0581331
Euler-Maruyama,4,0.102,106.831,0.0549593
Euler-Maruyama,4,0.103,107.238,0.0527932
Euler-Maruyama,4,0.104,107.414,0.0572319
Euler-Maruyama,4,0.105,108.476,0.0586422
Euler-Maruyama,4,0.106,108.647,0.0591414
Euler-Maruyama,4,0.107,109.656,0.0617065
Euler-Maruyama,4,0.108,111.407,0.063739
Euler-Maruyama,4,0.109,112.663,0.0655324
Euler-Maruyama,4,0.11,113.05,0.0653327
Euler-Maruyama,4,0.111,114.484,0.0642181
Euler-Maruyama,4,0.112,116.866,0.065378
Euler-Maruyama,4,0.113,117.411,0.0623051
Euler-Maruyama,4,0.114,116.377,0.0596632
Euler-Maruyama,4,0.115,118.03,0.0598854
Euler-Maruyama,4,0.116,115.799,0.0607442
Euler-Maruyama,4,0.117,115.263,0.0597719
Euler-Maruyama,4,0.118,115.917,0.0634319
Euler-Maruyama,4,0.119,116.565,0.0670663
Euler-Maruyama,4,0.12,116.815,0.0679273
Euler-Maruyama,4,0.121,118.62,0.0673585
Euler-Maruyama,4,0.122,120.93,0.0676793
Euler-Maruyama,4,0.123,119.376,0.0709512
Euler-Maruyama,4,0.124,120.927,0.0692213
Euler-Maruyama,4,0.125,122.036,0.0672922
Euler-Maruyama,4,0.126,122.163,0.0671199
Euler-Maruyama,4,0.127,120.567,0.0666994
Euler-Maruyama,4,0.128,121.253,0.0670598
Euler-Maruyama,4,0.129,120.99,0.0625499
Euler-Maruyama,4,0.13,120.464,0.0607901
Euler-Maruyama,4,0.131,120.794,0.0635229
Euler-Maruyama,4,0.132,119.733,0.0607084
Euler-Maruyama,4,0.133,119.438,0.0602602
Euler-Maruyama,4,0.134,119.963,0.0622897
Euler-Maruyama,4,0.135,122.957,0.0632884
Euler-Maruyama,4,0.136,123.563,0.0665548
Euler-Maruyama,4,0.137,123.746,0.0658108
Euler-Maruyama,4,0.138,124.229,0.0688693
Euler-Maruyama,4,0.139,124.526,0.0738594
Euler-Maruyama,4,0.14,124.744,0.0755122
Euler-Maruyama,4,0.141,125.307,0.0734609
Euler-Maruyama,4,0.142,127.518,0.0753028
Euler-Maruyama,4,0.143,127.206,0.0727977
Euler-Maruyama,4,0.144,125.454,0.0716907
Euler-Maruyama,4,0.145,125.269,0.0726604
Euler-Maruyama,4,0.146,123.109,0.0716017
Euler-Maruyama,4,0.147,122.513,0.0727143
Euler-Maruyama,4,0.148,122.912,0.0702444
Euler-Maruyama,4,0.149,121.864,0.070876
Euler-Maruyama,4,0.15,121.12,0.0693331
Euler-Maruyama,4,0.151,123.203,0.0707919
Euler-Maruyama,4,0.152,124.592,0.0705012
Euler-Maruyama,4,0.153,125.5,0.0710802
Euler-Maruyama,4,0.154,127.86,0.0701198
Euler-Maruyama,4,0.155,129.421,0.0706424
Euler-Maruyama,4,0.156,128.9,0.0708446
Euler-Maruyama,4,0.157,129.33,0.0708509
Euler-Maruyama,4,0.158,129.263,0.0707083
Euler-Maruyama,4,0.159,129.634,0.0696975
Euler-Maruyama,4,0.16,128.602,0.0724237
Euler-Maruyama,4,0.161,128.913,0.0686039
Euler-Maruyama,4,0.162,127.092,0.0723183
Euler-Maruyama,4,0.163,126.528,0.0695941
Euler-Maruyama,4,0.164,127.039,0.0707806
Euler-Maruyama,4,0.165,128.16,0.0718978
Euler-Maruyama,4,0.166,129.542,0.0701242
Euler-Maruyama,4,0.167,128.643,0.0740786
Euler-Maruyama,4,0.168,125.688,0.0725772
Euler-Maruyama,4,0.169,125.869,0.0739663
Euler-Maruyama,4,0.17,123.893,0.0703738
Euler-Maruyama,4,0.171,123.399,0.0699236
Euler-Maruyama,4,0.172,125.014,0.0723978
Euler-Maruyama,4,0.173,124.447,0.0721645
Euler-Maruyama,4,0.174,122.336,0.076047
Euler-Maruyama,4,0.175,121.678,0.0792975
Euler-Maruyama,4,0.176,121.46,0.0823606
Euler-Maruyama,4,0.177,122.389,0.0831596
Euler-Maruyama,4,0.178,121.538,0.0797254
Euler-Maruyama,4,0.179,124.023,0.0797236
Euler-Maruyama,4,0.18,125.083,0.0767368
Euler-Maruyama,4,0.181,124.843,0.0792099
Euler-Maruyama,4,0.182,125.55,0.0805282
Euler-Maruyama,4,0.183,126.722,0.0803323
Euler-Maruyama,4,0.184,125.26,0.0810799
Euler-Maruyama,4,0.185,127.837,0.0794862
Euler-Maruyama,4,0.186,127.932,0.0817494
Euler-Maruyama,4,0.187,131.177,0.0838033
Euler-Maruyama,4,0.188,128.308,0.0820855
Euler-Maruyama,4,0.189,129.042,0.0820697
Euler-Maruyama,4,0.19,128.18,0.0819319
Euler-Maruyama,4,0.191,127.501,0.0867441
Euler-Maruyama,4,0.192,126.981,0.090231
Euler-Maruyama,4,0.193,130.015,0.096633
Euler-Maruyama,4,0.194,128.838,0.101044
Euler-Maruyama,4,0.195,127.529,0.0999998
Euler-Maruyama,4,0.196,125.878,0.101205
Euler-Maruyama,4,0.197,126.123,0.10235
Euler-Maruyama,4,0.198,125.973,0.104895
Euler-Maruyama,4,0.199,126.069,0.100811
Euler-Maruyama,4,0.2,127.488,0.100622
Euler-Maruyama,4,0.201,126.494,0.103134
Euler-Maruyama,4,0.202,125.292,0.0994331
Euler-Maruyama,4,0.203,123.889,0.101906
Euler-Maruyama,4,0.204,123.445,0.103963
Euler-Maruyama,4,0.205,125.863,0.100457
Euler-Maruyama,4,0.206,124.353,0.0981228
Euler-Maruyama,4,0.207,122.887,0.103535
Euler-Maruyama,4,0.208,123.645,0.101016
Euler-Maruyama,4,0.209,125.262,0.0967662
Euler-Maruyama,4,0.21,124.52,0.0991199
Euler-Maruyama,4,0.211,122.498,0.100067
Euler-Maruyama,4,0.212,122.39,0.0991383
Euler-Maruyama,4,0.213,123.499,0.0963881
Euler-Maruyama,4,0.214,124.116,0.0999211
Euler-Maruyama,4,0.215,124.084,0.0975443
Euler-Maruyama,4,0.216,123.72,0.100478
Euler-Maruyama,4,0.217,123.539,0.104066
Euler-Maruyama,4,0.218,123.48,0.103901
Euler-Maruyama,4,0.219,126.453,0.0989606
Euler-Maruyama,4,0.22,129.238,0.0975106
Euler-Maruyama,4,0.221,129.394,0.0966831
Euler-Maruyama,4,0.222,130.043,0.0993759
Euler-Maruyama,4,0.223,131.028,0.100495
Euler-Maruyama,4,0.224,130.333,0.098548
Euler-Maruyama,4,0.225,130.14,0.0956449
Euler-Maruyama,4,0.226,130.358,0.0945862
Euler-Maruyama,4,0.227,129.983,0.0979507
Euler-Maruyama,4,0.228,129.506,0.096616
Euler-Maruyama,4,0.229,134.315,0.0957421
Euler-Maruyama,4,0.23,133.306,0.0961345
Euler-Maruyama,4,0.231,135.069,0.0959705
Euler-Maruyama,4,0.232,136.913,0.0941544
Euler-Maruyama,4,0.233,137.306,0.0946755
Euler-Maruyama,4,0.234,136.417,0.093825
Euler-Maruyama,4,0.235,138.64,0.0921005
Euler-Maruyama,4,0.236,137.126,0.0955883
Euler-Maruyama,4,0.237,137.909,0.0934727
Euler-Maruyama,4,0.238,138.828,0.0874822
Euler-Maruyama,4,0.239,138.039,0.0924973
Euler-Maruyama,4,0.24,138.095,0.0918188
Euler-Maruyama,4,0.241,138.528,0.0939768
Euler-Maruyama,4,0.242,137.79,0.0904957
Euler-Maruyama,4,0.243,139.354,0.0927742
Euler-Maruyama,4,0.244,139.022,0.0885157
Euler-Maruyama,4,0.245,140.883,0.0876527
Euler-Maruyama,4,0.246,140.748,0.0859185
Euler-Maruyama,4,0.247,139.1,0.0868943
Euler-Maruyama,4,0.248,137.747,0.090915
Euler-Maruyama,4,0.249,136.229,0.0840468
Euler-Maruyama,4,0.25,137.12,0.0820289
Euler-Maruyama,4,0.251,137.59,0.0827112
Euler-Maruyama,4,0.252,136.606,0.081137
Euler-Maruyama,4,0.253,135.186,0.0783836
Euler-Maruyama,4,0.254,134.556,0.0770898
Euler-Maruyama,4,0.255,135.647,0.0766905
Euler-Maruyama,4,0.256,136.016,0.0740918
Euler-Maruyama,4,0.257,135.905,0.0772237
Euler-Maruyama,4,0.258,136.295,0.0773926
Euler-Maruyama,4,0.259,136.089,0.0726861
Euler-Maruyama,4,0.26,136.084,0.0756524
Euler-Maruyama,4,0.261,136.136,0.0766603
Euler-Maruyama,4,0.262,135.116,0.0777529
Euler-Maruyama,4,0.263,133.492,0.0793998
Euler-Maruyama,4,0.264,133.55,0.0759584
Euler-Maruyama,4,0.265,133.094,0.0748819
Euler-Maruyama,4,0.266,132.702,0.0784812
Euler-Maruyama,4,0.267,131.959,0.0783945
Euler-Maruyama,4,0.268,133.352,0.0770342
Euler-Maruyama,4,0.269,132.684,0.0772889
Euler-Maruyama,4,0.27,132.78,0.0781133
Euler-Maruyama,4,0.271,134.005,0.0811021
Euler-Maruyama,4,0.272,135.324,0.0799337
Euler-Maruyama,4,0.273,134.644,0.0762462
Euler-Maruyama,4,0.274,131.898,0.0766365
Euler-Maruyama,4,0.275,132.734,0.0798929
Euler-Maruyama,4,0.276,133.37,0.0808087
Euler-Maruyama,4,0.277,132.16,0.0851211
Euler-Maruyama,4,0.278,132.251,0.0776722
Euler-Maruyama,4,0.279,133.178,0.0746825
Euler-Maruyama,4,0.28,132.421,0.074486
Euler-Maruyama,4,0.281,130.663,0.0718515
Euler-Maruyama,4,0.282,131.019,0.0722983
Euler-Maruyama,4,0.283,132.801,0.0717213
Euler-Maruyama,4,0.284,131.91,0.0736
Euler-Maruyama,4,0.285,132.545,0.0769235
Euler-Maruyama,4,0.286,133.317,0.0763486
Euler-Maruyama,4,0.287,135.754,0.081347
Euler-Maruyama,4,0.288,135.965,0.078715
Euler-Maruyama,4,0.289,135.767,0.079335
Euler-Maruyama,4,0.29,134.341,0.0749612
Euler-Maruyama,4,0.291,136.196,0.0742089
Euler-Maruyama,4,0.292,134.142,0.076137
Euler-Maruyama,4,0.293,134.19,0.0809612
Euler-Maruyama,4,0.294,134.445,0.0819919
Euler-Maruyama,4,0.295,133.75,0.0783976
Euler-Maruyama,4,0.296,131.697,0.0826301
Euler-Maruyama,4,0.297,132.777,0.0830383
Euler-Maruyama,4,0.298,131.765,0.0856138
Euler-Maruyama,4,0.299,131.05,0.0846157
Euler-Maruyama,4,0.3,130.539,0.0794179
Euler-Maruyama,4,0.301,130.627,0.0797115
Euler-Maruyama,4,0.302,129.617,0.0815395
Euler-Maruyama,4,0.303,127.881,0.0785868
Euler-Maruyama,4,0.304,128.894,0.0766403
Euler-Maruyama,4,0.305,129.553,0.0782871
Euler-Maruyama,4,0.306,129.46,0.0759846
Euler-Maruyama,4,0.307,129.523,0.0751241
Euler-Maruyama,4,0.308,128.745,0.0771757
Euler-Maruyama,4,0.309,130.048,0.0740767
Euler-Maruyama,4,0.31,128.563,0.0729063
Euler-Maruyama,4,0.311,128.619,0.071882
Euler-Maruyama,4,0.312,131.659,0.0734855
Euler-Maruyama,4,0.313,132.067,0.0683949
Euler-Maruyama,4,0.314,130.44,0.0693705
Euler-Maruyama,4,0.315,132.317,0.0681818
Euler-Maruyama,4,0.316,133.707,0.0673886
Euler-Maruyama,4,0.317,131.977,0.0689449
Euler-Maruyama,4,0.318,133.412,0.0682413
Euler-Maruyama,4,0.319,133.224,0.0628592
Euler-Maruyama,4,0.32,132.56,0.0602268
Euler-Maruyama,4,0.321,132.525,0.0659048
Euler-Maruyama,4,0.322,133.434,0.0635166
Euler-Maruyama,4,0.323,133.231,0.0641186
Euler-Maruyama,4,0.324,133.389,0.0635114
Euler-Maruyama,4,0.325,133.909,0.0630454
Euler-Maruyama,4,0.326,134.638,0.059027
Euler-Maruyama,4,0.327,134.004,0.0622579
Euler-Maruyama,4,0.328,135.488,0.0631181
Euler-Maruyama,4,0.329,137.133,0.0623426
Euler-Maruyama,4,0.33,136.387,0.0591583
Euler-Maruyama,4,0.331,137.092,0.0638397
Euler-Maruyama,4,0.332,137.786,0.064162
Euler-Maruyama,4,0.333,137.042,0.0614599
Euler-Maruyama,4,0.334,137.078,0.0625595
Euler-Maruyama,4,0.335,136.527,0.0616568
Euler-Maruyama,4,0.336,137.783,0.062008
Euler-Maruyama,4,0.337,137.399,0.06081
Euler-Maruyama,4,0.338,137.862,0.0614413
Euler-Maruyama,4,0.339,137.593,0.0621708
Euler-Maruyama,4,0.34,139.482,0.061957
Euler-Maruyama,4,0.341,139.686,0.0628248
Euler-Maruyama,4,0.342,140.18,0.0661534
Euler-Maruyama,4,0.343,141.925,0.0665822
Euler-Maruyama,4,0.344,144.264,0.0672415
Euler-Maruyama,4,0.345,146.586,0.066939
Euler-Maruyama,4,0.346,146.208,0.0674999
Euler-Maruyama,4,0.347,147.162,0.0695355
Euler-Maruyama,4,0.348,146.725,0.0738787
Euler-Maruyama,4,0.349,145.534,0.074227
Euler-Maruyama,4,0.35,146.435,0.0693585
Euler-Maruyama,4,0.351,146.313,0.0695139
Euler-Maruyama,4,0.352,147.63,0.0665711
Euler-Maruyama,4,0.353,149.416,0.0680736
Euler-Maruyama,4,0.354,148.568,0.0677851
Euler-Maruyama,4,0.355,147.457,0.068365
Euler-Maruyama,4,0.356,150.315,0.0694364
Euler-Maruyama,4,0.357,149.618,0.0681818
Euler-Maruyama,4,0.358,149.803,0.0677304
Euler-Maruyama,4,0.359,149.907,0.0724282
Euler-Maruyama,4,0.36,150.155,0.0739164
Euler-Maruyama,4,0.361,150.49,0.0716506
Euler-Maruyama,4,0.362,150.349,0.0706126
Euler-Maruyama,4,0.363,150.052,0.0707597
Euler-Maruyama,4,0.364,152.11,0.0678475
Euler-Maruyama,4,0.365,152.187,0.0723563
Euler-Maruyama,4,0.366,151.021,0.074975
Euler-Maruyama,4,0.367,151.318,0.073164
Euler-Maruyama,4,0.368,150.718,0.073545
Euler-Maruyama,4,0.369,149.274,0.0776978
Euler-Maruyama,4,0.37,151.719,0.0793725
Euler-Maruyama,4,0.371,150.867,0.0776908
Euler-Maruyama,4,0.372,150.77,0.0787764
Euler-Maruyama,4,0.373,150.415,0.0755176
Euler-Maruyama,4,0.374,150.731,0.0738862
Euler-Maruyama,4,0.375,153.944,0.0709407
Euler-Maruyama,4,0.376,153.092,0.0684154
Euler-Maruyama,4,0.377,151.804,0.0691851
Euler-Maruyama,4,0.378,152.813,0.0711396
Euler-Maruyama,4,0.379,153.561,0.0691718
Euler-Maruyama,4,0.38,154.504,0.0668678
Euler-Maruyama,4,0.381,154.622,0.0651527
Euler-Maruyama,4,0.382,153.652,0.0625111
Euler-Maruyama,4,0.383,151.642,0.0629001
Euler-Maruyama,4,0.384,151.295,0.06093
Euler-Maruyama,4,0.385,149.38,0.0569933
Euler-Maruyama,4,0.386,147.439,0.0576371
Euler-Maruyama,4,0.387,148.204,0.0587483
Euler-Maruyama,4,0.388,147.735,0.0610341
Euler-Maruyama,4,0.389,149.549,0.0623694
Euler-Maruyama,4,0.39,148.29,0.0624942
Euler-Maruyama,4,0.391,148.882,0.0655821
Euler-Maruyama,4,0.392,149.708,0.0679339
Euler-Maruyama,4,0.393,151.147,0.0675486
Euler-Maruyama,4,0.394,151.463,0.0688925
Euler-Maruyama,4,0.395,152.641,0.0646832
Euler-Maruyama,4,0.396,151.845,0.0630047
Euler-Maruyama,4,0.397,151.578,0.0615849
Euler-Maruyama,4,0.398,151.044,0.0627381
Euler-Maruyama,4,0.399,150.751,0.0596858
Euler-Maruyama,4,0.4,150.798,0.0582099
Euler-Maruyama,4,0.401,150.727,0.0561216
Euler-Maruyama,4,0.402,150.897,0.0538993
Euler-Maruyama,4,0.403,150.386,0.0506119
Euler-Maruyama,4,0.404,150.659,0.0505822
Euler-Maruyama,4,0.405,152.038,0.0506626
Euler-Maruyama,4,0.406,151.504,0.0479861
Euler-Maruyama,4,0.407,151.45,0.0462546
Euler-Maruyama,4,0.408,150.614,0.0486275
Euler-Maruyama,4,0.409,150.825,0.0482881
Euler-Maruyama,4,0.41,151.722,0.0508228
Euler-Maruyama,4,0.411,152.503,0.0524032
Euler-Maruyama,4,0.412,151.359,0.0519425
Euler-Maruyama,4,0.413,150.126,0.0515254
Euler-Maruyama,4,0.414,148.937,0.0548446
Euler-Maruyama,4,0.415,150.48,0.0568112
Euler-Maruyama,4,0.416,150.804,0.0552438
Euler-Maruyama,4,0.417,151.416,0.055471
Euler-Maruyama,4,0.418,152.364,0.0585783
Euler-Maruyama,4,0.419,151.594,0.0547784
Euler-Maruyama,4,0.42,153.665,0.0528189
Euler-Maruyama,4,0.421,153.678,0.0480459
Euler-Maruyama,4,0.422,153.784,0.0469788
Euler-Maruyama,4,0.423,153.735,0.0495437
Euler-Maruyama,4,0.424,152.58,0.0498069
Euler-Maruyama,4,0.425,152.624,0.0493658
Euler-Maruyama,4,0.426,152.315,0.0457384
Euler-Maruyama,4,0.427,151.347,0.0445977
Euler-Maruyama,4,0.428,153.155,0.0458517
Euler-Maruyama,4,0.429,152.302,0.0438076
Euler-Maruyama,4,0.43,153.362,0.0425775
Euler-Maruyama,4,0.431,152.595,0.0380955
Euler-Maruyama,4,0.432,150.818,0.0373158
Euler-Maruyama,4,0.433,151.438,0.0389534
Euler-Maruyama,4,0.434,152.573,0.0413402
Euler-Maruyama,4,0.435,151.786,0.045347
Euler-Maruyama,4,0.436,151.196,0.0402135
Euler-Maruyama,4,0.437,151.014,0.041367
Euler-Maruyama,4,0.438,149.797,0.0436708
Euler-Maruyama,4,0.439,150.66,0.0426917
Euler-Maruyama,4,0.44,150.936,0.0435449
Euler-Maruyama,4,0.441,151.404,0.0419334
Euler-Maruyama,4,0.442,150.322,0.0413856
Euler-Maruyama,4,0.443,150.163,0.0418514
Euler-Maruyama,4,0.444,149.061,0.0423519
Euler-Maruyama,4,0.445,148.846,0.038321
Euler-Maruyama,4,0.446,147.653,0.0364441
Euler-Maruyama,4,0.447,148.054,0.0419435
Euler-Maruyama,4,0.448,148.208,0.0418397
Euler-Maruyama,4,0.449,149.749,0.0440413
Euler-Maruyama,4,0.45,150.635,0.0440496
Euler-Maruyama,4,0.451,150.602,0.0442237
Euler-Maruyama,4,0.452,149.374,0.0464205
Euler-Maruyama,4,0.453,148.433,0.0466255
Euler-Maruyama,4,0.454,149.145,0.0424133
Euler-Maruyama,4,0.455,149.966,0.0410871
Euler-Maruyama,4,0.456,150.418,0.044463
Euler-Maruyama,4,0.457,150.086,0.046586
Euler-Maruyama,4,0.458,150.035,0.0485685
Euler-Maruyama,4,0.459,151.105,0.0475044
Euler-Maruyama,4,0.46,150.03,0.0482908
Euler-Maruyama,4,0.461,149.683,0.049785
Euler-Maruyama,4,0.462,149.149,0.0519513
Euler-Maruyama,4,0.463,148.394,0.0513567
Euler-Maruyama,4,0.464,147.781,0.0509228
Euler-Maruyama,4,0.465,148.022,0.0491652
Euler-Maruyama,4,0.466,147.681,0.0511872
Euler-Maruyama,4,0.467,145.958,0.051099
Euler-Maruyama,4,0.468,146.361,0.0486157
Euler-Maruyama,4,0.469,146.693,0.0495701
Euler-Maruyama,4,0.47,146.165,0.0503965
Euler-Maruyama,4,0.471,146.372,0.0534983
Euler-Maruyama,4,0.472,147.199,0.055445
Euler-Maruyama,4,0.473,147.395,0.0577677
Euler-Maruyama,4,0.474,147.467,0.0530704
Euler-Maruyama,4,0.475,148.072,0.0509102
Euler-Maruyama,4,0.476,148.072,0.0503708
Euler-Maruyama,4,0.477,147.24,0.0508136
Euler-Maruyama,4,0.478,145.069,0.0522172
Euler-Maruyama,4,0.479,145.325,0.0519443
Euler-Maruyama,4,0.48,144.292,0.0511602
Euler-Maruyama,4,0.481,143.62,0.055148
Euler-Maruyama,4,0.482,142.98,0.0515913
Euler-Maruyama,4,0.483,143.037,0.0489702
Euler-Maruyama,4,0.484,142.339,0.051569
Euler-Maruyama,4,0.485,142.434,0.0529053
Euler-Maruyama,4,0.486,142.784,0.0519598
Euler-Maruyama,4,0.487,143.098,0.0543793
Euler-Maruyama,4,0.488,140.977,0.0581915
Euler-Maruyama,4,0.489,142.55,0.0589167
Euler-Maruyama,4,0.49,141.241,0.0574689
Euler-Maruyama,4,0.491,142.151,0.0606809
Euler-Maruyama,4,0.492,142.402,0.058504
Euler-Maruyama,4,0.493,142.535,0.0567913
Euler-Maruyama,4,0.494,142.803,0.0613337
Euler-Maruyama,4,0.495,142.186,0.0623428
Euler-Maruyama,4,0.496,141.042,0.0640999
Euler-Maruyama,4,0.497,140.695,0.0608723
Euler-Maruyama,4,0.498,139.277,0.0639311
Euler-Maruyama,4,0.499,138.391,0.0622076
Euler-Maruyama,4,0.5,138.487,0.0607197
Euler-Maruyama,4,0.501,137.537,0.0610831
Euler-Maruyama,4,0.502,135.954,0.0632688
Euler-Maruyama,4,0.503,136.116,0.0635861
Euler-Maruyama,4,0.504,134.306,0.0658755
Euler-Maruyama,4,0.505,134.67,0.0652741
Euler-Maruyama,4,0.506,134.66,0.0655024
Euler-Maruyama,4,0.507,133.214,0.0723194
Euler-Maruyama,4,0.508,134.708,0.0742162
Euler-Maruyama,4,0.509,135.079,0.0751529
Euler-Maruyama,4,0.51,134.079,0.0736469
Euler-Maruyama,4,0.511,133.726,0.076494
Euler-Maruyama,4,0.512,133.08,0.0770873
Euler-Maruyama,4,0.513,131.039,0.077356
Euler-Maruyama,4,0.514,130.938,0.0799608
Euler-Maruyama,4,0.515,129.684,0.0849121
Euler-Maruyama,4,0.516,129.265,0.0867797
Euler-Maruyama,4,0.517,130.922,0.0884256
Euler-Maruyama,4,0.518,131.201,0.0886226
Euler-Maruyama,4,0.519,132.708,0.088265
Euler-Maruyama,4,0.52,134.508,0.0901147
Euler-Maruyama,4,0.521,136.237,0.087782
Euler-Maruyama,4,0.522,136.687,0.0955435
Euler-Maruyama,4,0.523,135.962,0.0964926
Euler-Maruyama,4,0.524,136.826,0.0992558
Euler-Maruyama,4,0.525,136.154,0.107269
Euler-Maruyama,4,0.526,136.539,0.109027
Euler-Maruyama,4,0.527,136.397,0.110136
Euler-Maruyama,4,0.528,136.376,0.109082
Euler-Maruyama,4,0.529,137.154,0.108517
Euler-Maruyama,4,0.53,140.057,0.109022
Euler-Maruyama,4,0.531,143.183,0.110113
Euler-Maruyama,4,0.532,141.052,0.10631
Euler-Maruyama,4,0.533,143.328,0.109319
Euler-Maruyama,4,0.534,143.618,0.115254
Euler-Maruyama,4,0.535,141.566,0.116594
Euler-Maruyama,4,0.536,144.637,0.11544
Euler-Maruyama,4,0.537,143.84,0.1146
Euler-Maruyama,4,0.538,145.792,0.110577
Euler-Maruyama,4,0.539,145.647,0.108759
Euler-Maruyama,4,0.54,145.332,0.106824
Euler-Maruyama,4,0.541,145.362,0.108055
Euler-Maruyama,4,0.542,145.607,0.106294
Euler-Maruyama,4,0.543,143.966,0.102843
Euler-Maruyama,4,0.544,143.726,0.102903
Euler-Maruyama,4,0.545,144.726,0.109691
Euler-Maruyama,4,0.546,145.253,0.108316
Euler-Maruyama,4,0.547,146.139,0.105812
Euler-Maruyama,4,0.548,145.514,0.10315
Euler-Maruyama,4,0.549,148.482,0.101515
Euler-Maruyama,4,0.55,148.104,0.101855
Euler-Maruyama,4,0.551,150.271,0.103476
Euler-Maruyama,4,0.552,149.187,0.102406
Euler-Maruyama,4,0.553,150.754,0.104966
Euler-Maruyama,4,0.554,150.328,0.103598
Euler-Maruyama,4,0.555,151.336,0.103807
Euler-Maruyama,4,0.556,151.36,0.10455
Euler-Maruyama,4,0.557,149.242,0.10475
Euler-Maruyama,4,0.558,149.334,0.100653
Euler-Maruyama,4,0.559,149.136,0.101731
Euler-Maruyama,4,0.56,148.44,0.100467
Euler-Maruyama,4,0.561,148.094,0.0977954
Euler-Maruyama,4,0.562,150.629,0.096025
Euler-Maruyama,4,0.563,152.313,0.0975766
Euler-Maruyama,4,0.564,152.722,0.101077
Euler-Maruyama,4,0.565,153.268,0.101692
Euler-Maruyama,4,0.566,153.754,0.10049
Euler-Maruyama,4,0.567,154.097,0.0970952
Euler-Maruyama,4,0.568,154.634,0.099579
Euler-Maruyama,4,0.569,153.439,0.0955366
Euler-Maruyama,4,0.57,155.071,0.0973289
Euler-Maruyama,4,0.571,156.502,0.0992692
Euler-Maruyama,4,0.572,155.799,0.0986763
Euler-Maruyama,4,0.573,156.606,0.0979778
Euler-Maruyama,4,0.574,154.797,0.101053
Euler-Maruyama,4,0.575,155.789,0.101374
Euler-Maruyama,4,0.576,154.716,0.0978289
Euler-Maruyama,4,0.577,154.119,0.094042
Euler-Maruyama,4,0.578,152.812,0.0939109
Euler-Maruyama,4,0.579,154.677,0.09435
Euler-Maruyama,4,0.58,153.726,0.0885083
Euler-Maruyama,4,0.581,153.189,0.0881952
Euler-Maruyama,4,0.582,153.691,0.091448
Euler-Maruyama,4,0.583,151.293,0.0899982
Euler-Maruyama,4,0.584,151.493,0.0853681
Euler-Maruyama,4,0.585,151.82,0.0870045
Euler-Maruyama,4,0.586,151.623,0.0906913
Euler-Maruyama,4,0.587,153.575,0.0900621
Euler-Maruyama,4,0.588,155.11,0.0918309
Euler-Maruyama,4,0.589,150.926,0.0926993
Euler-Maruyama,4,0.59,150.92,0.088351
Euler-Maruyama,4,0.591,149.547,0.0916955
Euler-Maruyama,4,0.592,149.453,0.0856563
Euler-Maruyama,4,0.593,151.262,0.0859969
Euler-Maruyama,4,0.594,153.103,0.0862596
Euler-Maruyama,4,0.595,153.378,0.0808454
Euler-Maruyama,4,0.596,153.95,0.0838295
Euler-Maruyama,4,0.597,154.616,0.0840005
Euler-Maruyama,4,0.598,155.185,0.0829099
Euler-Maruyama,4,0.599,154.257,0.0809748
Euler-Maruyama,4,0.6,154.841,0.0810283
Euler-Maruyama,4,0.601,155.872,0.0834293
Euler-Maruyama,4,0.602,155.602,0.0854465
Euler-Maruyama,4,0.603,155.641,0.0834067
Euler-Maruyama,4,0.604,157.128,0.0845547
Euler-Maruyama,4,0.605,156.447,0.0828054
Euler-Maruyama,4,0.606,155.976,0.0830182
Euler-Maruyama,4,0.607,155.888,0.0782525
Euler-Maruyama,4,0.608,156.876,0.0818336
Euler-Maruyama,4,0.609,155.934,0.084109
Euler-Maruyama,4,0.61,155.047,0.0827426
Euler-Maruyama,4,0.611,150.787,0.0831325
Euler-Maruyama,4,0.612,154.337,0.0816517
Euler-Maruyama,4,0.613,152.761,0.0827218
Euler-Maruyama,4,0.614,153.467,0.0844347
Euler-Maruyama,4,0.615,155.026,0.0779551
Euler-Maruyama,4,0.616,153.456,0.0786659
Euler-Maruyama,4,0.617,154.329,0.0780135
Euler-Maruyama,4,0.618,156.386,0.0782434
Euler-Maruyama,4,0.619,157.829,0.0775441
Euler-Maruyama,4,0.62,156.102,0.0825974
Euler-Maruyama,4,0.621,156.51,0.0801898
Euler-Maruyama,4,0.622,157.134,0.0816388
Euler-Maruyama,4,0.623,159.433,0.0741562
Euler-Maruyama,4,0.624,158.586,0.0791799
Euler-Maruyama,4,0.625,158.861,0.0845845
Euler-Maruyama,4,0.626,158.288,0.0772314
Euler-Maruyama,4,0.627,157.856,0.0775816
Euler-Maruyama,4,0.628,156.615,0.0800218
Euler-Maruyama,4,0.629,158.022,0.0808981
Euler-Maruyama,4,0.63,156.575,0.0783397
Euler-Maruyama,4,0.631,158.07,0.0782909
Euler-Maruyama,4,0.632,157.754,0.0752932
Euler-Maruyama,4,0.633,156.997,0.0776203
Euler-Maruyama,4,0.634,156.044,0.0713405
Euler-Maruyama,4,0.635,152.88,0.071573
Euler-Maruyama,4,0.636,152.672,0.0716941
Euler-Maruyama,4,0.637,151.151,0.0749954
Euler-Maruyama,4,0.638,150.626,0.0748336
Euler-Maruyama,4,0.639,152.266,0.0788956
Euler-Maruyama,4,0.64,151.353,0.0779137
Euler-Maruyama,4,0.641,152.23,0.0781278
Euler-Maruyama,4,0.642,152.767,0.0772281
Euler-Maruyama,4,0.643,154.307,0.0788421
Euler-Maruyama,4,0.644,155.243,0.0840448
Euler-Maruyama,4,0.645,155.842,0.0797391
Euler-Maruyama,4,0.646,154.388,0.0785948
Euler-Maruyama,4,0.647,154.932,0.0748065
Euler-Maruyama,4,0.648,152.331,0.0756912
Euler-Maruyama,4,0.649,151.122,0.0791767
Euler-Maruyama,4,0.65,151.895,0.079354
Euler-Maruyama,4,0.651,152.708,0.0803988
Euler-Maruyama,4,0.652,151.18,0.0856235
Euler-Maruyama,4,0.653,152.529,0.0836375
Euler-Maruyama,4,0.654,149.493,0.0785357
Euler-Maruyama,4,0.655,150.662,0.0772182
Euler-Maruyama,4,0.656,148.922,0.080778
Euler-Maruyama,4,0.657,150.583,0.0813539
Euler-Maruyama,4,0.658,149.275,0.079911
Euler-Maruyama,4,0.659,148.895,0.0782807
Euler-Maruyama,4,0.66,151.356,0.0809993
Euler-Maruyama,4,0.661,150.801,0.0831747
Euler-Maruyama,4,0.662,150.772,0.0840291
Euler-Maruyama,4,0.663,151.341,0.0815512
Euler-Maruyama,4,0.664,152.112,0.0790209
Euler-Maruyama,4,0.665,152.752,0.0774094
Euler-Maruyama,4,0.666,155.928,0.0771743
Euler-Maruyama,4,0.667,154.031,0.07241
Euler-Maruyama,4,0.668,150.257,0.0733324
Euler-Maruyama,4,0.669,149.48,0.0737373
Euler-Maruyama,4,0.67,149.586,0.0718116
Euler-Maruyama,4,0.671,150.07,0.072062
Euler-Maruyama,4,0.672,150.172,0.0765046
Euler-Maruyama,4,0.673,148.514,0.0748532
Euler-Maruyama,4,0.674,149.933,0.0751225
Euler-Maruyama,4,0.675,149.856,0.0759399
Euler-Maruyama,4,0.676,148.723,0.0740764
Euler-Maruyama,4,0.677,150.985,0.076139
Euler-Maruyama,4,0.678,151.698,0.080816
Euler-Maruyama,4,0.679,152.462,0.0806372
Euler-Maruyama,4,0.68,153.445,0.0806887
Euler-Maruyama,4,0.681,153.214,0.0781356
Euler-Maruyama,4,0.682,153.011,0.0752733
Euler-Maruyama,4,0.683,154.222,0.0756909
Euler-Maruyama,4,0.684,151.956,0.0716064
Euler-Maruyama,4,0.685,152.482,0.0703827
Euler-Maruyama,4,0.686,153.462,0.0714723
Euler-Maruyama,4,0.687,152.133,0.0741164
Euler-Maruyama,4,0.688,151.774,0.0694431
Euler-Maruyama,4,0.689,151.141,0.0636004
Euler-Maruyama,4,0.69,151.976,0.0645808
Euler-Maruyama,4,0.691,151.753,0.0621129
Euler-Maruyama,4,0.692,150.837,0.0590865
Euler-Maruyama,4,0.693,148.434,0.053548
Euler-Maruyama,4,0.694,149.546,0.0542027
Euler-Maruyama,4,0.695,149.99,0.0543043
Euler-Maruyama,4,0.696,149.57,0.0540445
Euler-Maruyama,4,0.697,150.091,0.0499792
Euler-Maruyama,4,0.698,150.018,0.0483577
Euler-Maruyama,4,0.699,148.804,0.0486504
Euler-Maruyama,4,0.7,149.267,0.0472878
Euler-Maruyama,4,0.701,148.082,0.0490117
Euler-Maruyama,4,0.702,148.845,0.0468441
Euler-Maruyama,4,0.703,147.337,0.0463852
Euler-Maruyama,4,0.704,147.939,0.0454982
Euler-Maruyama,4,0.705,147.243,0.0463235
Euler-Maruyama,4,0.706,146.342,0.0444278
Euler-Maruyama,4,0.707,147.799,0.0435184
Euler-Maruyama,4,0.708,149.192,0.0424639
Euler-Maruyama,4,0.709,148.516,0.0455343
Euler-Maruyama,4,0.71,147.923,0.0443672
Euler-Maruyama,4,0.711,147.407,0.0425886
Euler-Maruyama,4,0.712,146.932,0.0421942
Euler-Maruyama,4,0.713,147.79,0.0444719
Euler-Maruyama,4,0.714,148.296,0.0426734
Euler-Maruyama,4,0.715,149.465,0.0413032
Euler-Maruyama,4,0.716,149.184,0.0395787
Euler-Maruyama,4,0.717,149.265,0.0407128
Euler-Maruyama,4,0.718,150.264,0.0424886
Euler-Maruyama,4,0.719,151.383,0.0429702
Euler-Maruyama,4,0.72,150.867,0.0411256
Euler-Maruyama,4,0.721,151.437,0.0392844
Euler-Maruyama,4,0.722,150.939,0.0372054
Euler-Maruyama,4,0.723,151.049,0.0375784
Euler-Maruyama,4,0.724,149.125,0.0357192
Euler-Maruyama,4,0.725,148.232,0.0366367
Euler-Maruyama,4,0.726,146.845,0.0388299
Euler-Maruyama,4,0.727,146.163,0.0373249
Euler-Maruyama,4,0.728,145.648,0.0376123
Euler-Maruyama,4,0.729,146.001,0.0384903
Euler-Maruyama,4,0.73,145.775,0.0407131
Euler-Maruyama,4,0.731,145.346,0.0397236
Euler-Maruyama,4,0.732,144.508,0.0406832
Euler-Maruyama,4,0.733,145.38,0.040892
Euler-Maruyama,4,0.734,144.551,0.0388374
Euler-Maruyama,4,0.735,144.774,0.0418071
Euler-Maruyama,4,0.736,145.201,0.0426241
Euler-Maruyama,4,0.737,145.326,0.0437845
Euler-Maruyama,4,0.738,146.206,0.0437914
Euler-Maruyama,4,0.739,145.517,0.0411449
Euler-Maruyama,4,0.74,146.148,0.0418651
Euler-Maruyama,4,0.741,146.201,0.0416672
Euler-Maruyama,4,0.742,146.587,0.0379257
Euler-Maruyama,4,0.743,147.626,0.038006
Euler-Maruyama,4,0.744,148.747,0.0371252
Euler-Maruyama,4,0.745,149.19,0.0352726
Euler-Maruyama,4,0.746,149.996,0.0366873
Euler-Maruyama,4,0.747,149.024,0.0378918
Euler-Maruyama,4,0.748,148.381,0.0374954
Euler-Maruyama,4,0.749,147.15,0.0379552
Euler-Maruyama,4,0.75,147.247,0.0398902
Euler-Maruyama,4,0.751,147.44,0.0409853
Euler-Maruyama,4,0.752,147.496,0.0391472
Euler-Maruyama,4,0.753,147.664,0.0375845
Euler-Maruyama,4,0.754,149.334,0.0344072
Euler-Maruyama,4,0.755,149.222,0.0340691
Euler-Maruyama,4,0.756,149.265,0.0345853
Euler-Maruyama,4,0.757,149.186,0.0326878
Euler-Maruyama,4,0.758,149.089,0.030352
Euler-Maruyama,4,0.759,148.57,0.0307238
Euler-Maruyama,4,0.76,148.999,0.0279808
Euler-Maruyama,4,0.761,148.873,0.0295164
Euler-Maruyama,4,0.762,149.814,0.0299042
Euler-Maruyama,4,0.763,149.537,0.0281162
Euler-Maruyama,4,0.764,151.168,0.0294141
Euler-Maruyama,4,0.765,153.267,0.0307954
Euler-Maruyama,4,0.766,153.621,0.0347069
Euler-Maruyama,4,0.767,153.932,0.0304119
Euler-Maruyama,4,0.768,152.875,0.0287705
Euler-Maruyama,4,0.769,152.436,0.0284487
Euler-Maruyama,4,0.77,152.234,0.0265689
Euler-Maruyama,4,0.771,152.77,0.0292956
Euler-Maruyama,4,0.772,152.418,0.0309412
Euler-Maruyama,4,0.773,154.407,0.0291415
Euler-Maruyama,4,0.774,154.325,0.0301715
Euler-Maruyama,4,0.775,152.662,0.0289962
Euler-Maruyama,4,0.776,152.64,0.0263626
Euler-Maruyama,4,0.777,152.979,0.0283458
Euler-Maruyama,4,0.778,152.98,0.0287389
Euler-Maruyama,4,0.779,152.201,0.0287357
Euler-Maruyama,4,0.78,151.763,0.0312441
Euler-Maruyama,4,0.781,150.803,0.0317663
Euler-Maruyama,4,0.782,152.845,0.0337178
Euler-Maruyama,4,0.783,153.544,0.0336303
Euler-Maruyama,4,0.784,153.195,0.033304
Euler-Maruyama,4,0.785,152.809,0.0351085
Euler-Maruyama,4,0.786,154.21,0.0392503
Euler-Maruyama,4,0.787,154.525,0.0344564
Euler-Maruyama,4,0.788,154.232,0.0341722
Euler-Maruyama,4,0.789,155.762,0.0328612
Euler-Maruyama,4,0.79,154.931,0.0303031
Euler-Maruyama,4,0.791,154.516,0.0274997
Euler-Maruyama,4,0.792,154.119,0.0257752
Euler-Maruyama,4,0.793,151.765,0.0263199
Euler-Maruyama,4,0.794,150.966,0.0264888
Euler-Maruyama,4,0.795,151.054,0.0257764
Euler-Maruyama,4,0.796,151.537,0.0257666
Euler-Maruyama,4,0.797,152.015,0.0260733
Euler-Maruyama,4,0.798,151.692,0.0260497
Euler-Maruyama,4,0.799,151.939,0.0213299
Euler-Maruyama,4,0.8,151.357,0.0209573
Euler-Maruyama,4,0.801,151.508,0.0226538
Euler-Maruyama,4,0.802,152.872,0.0227368
Euler-Maruyama,4,0.803,153.683,0.0217972
Euler-Maruyama,4,0.804,152.577,0.0216236
Euler-Maruyama,4,0.805,153.156,0.0230974
Euler-Maruyama,4,0.806,154.665,0.0230521
Euler-Maruyama,4,0.807,155.34,0.0249055
Euler-Maruyama,4,0.808,157.347,0.0272882
Euler-Maruyama,4,0.809,157.597,0.0273714
Euler-Maruyama,4,0.81,157.191,0.0281534
Euler-Maruyama,4,0.811,157.022,0.0304503
Euler-Maruyama,4,0.812,156.53,0.0291983
Euler-Maruyama,4,0.813,156.987,0.0295489
Euler-Maruyama,4,0.814,157.462,0.026673
Euler-Maruyama,4,0.815,158.009,0.0273463
Euler-Maruyama,4,0.816,157.251,0.0282713
Euler-Maruyama,4,0.817,158.822,0.026393
Euler-Maruyama,4,0.818,158.482,0.0244598
Euler-Maruyama,4,0.819,158.898,0.0271587
Euler-Maruyama,4,0.82,159.545,0.0252739
Euler-Maruyama,4,0.821,159.646,0.0252561
Euler-Maruyama,4,0.822,160.169,0.0268287
Euler-Maruyama,4,0.823,160.565,0.030216
Euler-Maruyama,4,0.824,159.772,0.0317548
Euler-Maruyama,4,0.825,158.522,0.0320103
Euler-Maruyama,4,0.826,158.482,0.034026
Euler-Maruyama,4,0.827,160.313,0.0341076
Euler-Maruyama,4,0.828,158.573,0.0347153
Euler-Maruyama,4,0.829,158.538,0.0347062
Euler-Maruyama,4,0.83,158.308,0.0364358
Euler-Maruyama,4,0.831,158.882,0.0377161
Euler-Maruyama,4,0.832,159.032,0.0384111
Euler-Maruyama,4,0.833,158.066,0.036101
Euler-Maruyama,4,0.834,156.311,0.0362587
Euler-Maruyama,4,0.835,156.449,0.0349667
Euler-Maruyama,4,0.836,157.229,0.0353013
Euler-Maruyama,4,0.837,157.568,0.0368432
Euler-Maruyama,4,0.838,158.392,0.0363929
Euler-Maruyama,4,0.839,157.188,0.0395113
Euler-Maruyama,4,0.84,155.29,0.0396759
Euler-Maruyama,4,0.841,154.595,0.0406836
Euler-Maruyama,4,0.842,154.633,0.0409473
Euler-Maruyama,4,0.843,154.56,0.0395213
Euler-Maruyama,4,0.844,155.043,0.0388567
Euler-Maruyama,4,0.845,153.673,0.0420966
Euler-Maruyama,4,0.846,154.134,0.0415946
Euler-Maruyama,4,0.847,154.487,0.0421778
Euler-Maruyama,4,0.848,157.398,0.0416233
Euler-Maruyama,4,0.849,156.573,0.0411089
Euler-Maruyama,4,0.85,156.755,0.0451842
Euler-Maruyama,4,0.851,158.001,0.0504183
Euler-Maruyama,4,0.852,158.939,0.049496
Euler-Maruyama,4,0.853,157.7,0.0503496
Euler-Maruyama,4,0.854,159.981,0.0505843
Euler-Maruyama,4,0.855,160.691,0.0512711
Euler-Maruyama,4,0.856,159.856,0.0513084
Euler-Maruyama,4,0.857,159.113,0.0501824
Euler-Maruyama,4,0.858,158.988,0.0502132
Euler-Maruyama,4,0.859,159.849,0.0507312
Euler-Maruyama,4,0.86,160.186,0.0509767
Euler-Maruyama,4,0.861,161.897,0.0528325
Euler-Maruyama,4,0.862,162.954,0.0507761
Euler-Maruyama,4,0.863,162.836,0.0541256
Euler-Maruyama,4,0.864,162.824,0.0570222
Euler-Maruyama,4,0.865,162.286,0.0505049
Euler-Maruyama,4,0.866,162.569,0.0482679
Euler-Maruyama,4,0.867,162.871,0.0504373
Euler-Maruyama,4,0.868,162.45,0.0505664
Euler-Maruyama,4,0.869,161.366,0.0559659
Euler-Maruyama,4,0.87,163.504,0.0579557
Euler-Maruyama,4,0.871,162.888,0.0569722
Euler-Maruyama,4,0.872,160.341,0.0599327
Euler-Maruyama,4,0.873,162.104,0.0579597
Euler-Maruyama,4,0.874,162.05,0.0625964
Euler-Maruyama,4,0.875,162.536,0.0624312
Euler-Maruyama,4,0.876,160.696,0.0566322
Euler-Maruyama,4,0.877,161.055,0.0539608
Euler-Maruyama,4,0.878,161.079,0.0525345
Euler-Maruyama,4,0.879,160.798,0.0535537
Euler-Maruyama,4,0.88,160.54,0.0513468
Euler-Maruyama,4,0.881,159.524,0.0469103
Euler-Maruyama,4,0.882,159.687,0.0488258
Euler-Maruyama,4,0.883,160.802,0.0502399
Euler-Maruyama,4,0.884,160.084,0.05213
Euler-Maruyama,4,0.885,160.219,0.0484634
Euler-Maruyama,4,0.886,159.952,0.0504816
Euler-Maruyama,4,0.887,159.134,0.0489556
Euler-Maruyama,4,0.888,160.06,0.0479755
Euler-Maruyama,4,0.889,159.765,0.0474587
Euler-Maruyama,4,0.89,158.454,0.045626
Euler-Maruyama,4,0.891,156.439,0.0418306
Euler-Maruyama,4,0.892,155.945,0.0408774
Euler-Maruyama,4,0.893,157.635,0.0404943
Euler-Maruyama,4,0.894,157.862,0.0398807
Euler-Maruyama,4,0.895,157.135,0.0409852
Euler-Maruyama,4,0.896,156.862,0.0407491
Euler-Maruyama,4,0.897,157.903,0.0397307
Euler-Maruyama,4,0.898,157.915,0.0400341
Euler-Maruyama,4,0.899,158.289,0.03946
Euler-Maruyama,4,0.9,158.908,0.0389513
Euler-Maruyama,4,0.901,159.686,0.0400001
Euler-Maruyama,4,0.902,161.614,0.0420202
Euler-Maruyama,4,0.903,162.926,0.0407293
Euler-Maruyama,4,0.904,164.318,0.0371962
Euler-Maruyama,4,0.905,166.1,0.0399407
Euler-Maruyama,4,0.906,165.364,0.0401878
Euler-Maruyama,4,0.907,165.187,0.0439774
Euler-Maruyama,4,0.908,165.938,0.04557
Euler-Maruyama,4,0.909,165.576,0.0436693
Euler-Maruyama,4,0.91,164.68,0.0420597
Euler-Maruyama,4,0.911,166.439,0.0441711
Euler-Maruyama,4,0.912,166.227,0.0459664
Euler-Maruyama,4,0.913,165.444,0.0456511
Euler-Maruyama,4,0.914,164.973,0.0454949
Euler-Maruyama,4,0.915,165.562,0.0439004
Euler-Maruyama,4,0.916,166.766,0.0401684
Euler-Maruyama,4,0.917,168.303,0.0417323
Euler-Maruyama,4,0.918,169.37,0.0415296
Euler-Maruyama,4,0.919,168.252,0.0416093
Euler-Maruyama,4,0.92,168.098,0.0425906
Euler-Maruyama,4,0.921,168.636,0.044652
Euler-Maruyama,4,0.922,168.283,0.0453105
Euler-Maruyama,4,0.923,169.014,0.0427777
Euler-Maruyama,4,0.924,170.312,0.0456884
Euler-Maruyama,4,0.925,171.083,0.0434369
Euler-Maruyama,4,0.926,173.283,0.044532
Euler-Maruyama,4,0.927,172.927,0.0486014
Euler-Maruyama,4,0.928,173.534,0.0464771
Euler-Maruyama,4,0.929,172.566,0.0446477
Euler-Maruyama,4,0.93,170.429,0.0472144
Euler-Maruyama,4,0.931,171.052,0.048075
Euler-Maruyama,4,0.932,170.004,0.0479192
Euler-Maruyama,4,0.933,168.614,0.0483648
Euler-Maruyama,4,0.934,169.349,0.0484929
Euler-Maruyama,4,0.935,168.693,0.0424211
Euler-Maruyama,4,0.936,169.353,0.0450275
Euler-Maruyama,4,0.937,169.501,0.0421712
Euler-Maruyama,4,0.938,168.825,0.0422268
Euler-Maruyama,4,0.939,167.416,0.0407449
Euler-Maruyama,4,0.94,167.892,0.0416696
Euler-Maruyama,4,0.941,167.031,0.0406538
Euler-Maruyama,4,0.942,167.166,0.0402335
Euler-Maruyama,4,0.943,166.504,0.0406763
Euler-Maruyama,4,0.944,166.153,0.0403728
Euler-Maruyama,4,0.945,167.096,0.0388595
Euler-Maruyama,4,0.946,168.024,0.039422
Euler-Maruyama,4,0.947,167.447,0.0359075
Euler-Maruyama,4,0.948,167.55,0.0370878
Euler-Maruyama,4,0.949,166.82,0.0298656
Euler-Maruyama,4,0.95,167.13,0.0283875
Euler-Maruyama,4,0.951,168.982,0.0263211
Euler-Maruyama,4,0.952,169.548,0.0245683
Euler-Maruyama,4,0.953,169.257,0.0222347
Euler-Maruyama,4,0.954,170.876,0.0212678
Euler-Maruyama,4,0.955,170.997,0.0219532
Euler-Maruyama,4,0.956,171.382,0.0221803
Euler-Maruyama,4,0.957,171.673,0.0227588
Euler-Maruyama,4,0.958,172.083,0.0232316
Euler-Maruyama,4,0.959,172.366,0.0232462
Euler-Maruyama,4,0.96,173.392,0.024992
Euler-Maruyama,4,0.961,172.971,0.0270148
Euler-Maruyama,4,0.962,174.215,0.0283113
Euler-Maruyama,4,0.963,173.852,0.0253499
Euler-Maruyama,4,0.964,174.514,0.0293698
Euler-Maruyama,4,0.965,175.588,0.0282691
Euler-Maruyama,4,0.966,175.864,0.0256693
Euler-Maruyama,4,0.967,176.045,0.029381
Euler-Maruyama,4,0.968,176.089,0.0304702
Euler-Maruyama,4,0.969,174.972,0.0288245
Euler-Maruyama,4,0.97,175.714,0.0311608
Euler-Maruyama,4,0.971,176.318,0.033808
Euler-Maruyama,4,0.972,174.875,0.0330094
Euler-Maruyama,4,0.973,175.044,0.0322547
Euler-Maruyama,4,0.974,172.901,0.0301983
Euler-Maruyama,4,0.975,172.552,0.0316256
Euler-Maruyama,4,0.976,172.634,0.031467
Euler-Maruyama,4,0.977,173.224,0.0313711
Euler-Maruyama,4,0.978,174.328,0.0304129
Euler-Maruyama,4,0.979,175.135,0.0290822
Euler-Maruyama,4,0.98,175.448,0.0285922
Euler-Maruyama,4,0.981,174.521,0.0289943
Euler-Maruyama,4,0.982,174.792,0.0279011
Euler-Maruyama,4,0.983,173.995,0.026057
Euler-Maruyama,4,0.984,174.625,0.0223047
Euler-Maruyama,4,0.985,173.897,0.0224122
Euler-Maruyama,4,0.986,174.035,0.0244805
Euler-Maruyama,4,0.987,174.329,0.0262763
Euler-Maruyama,4,0.988,174.289,0.024161
Euler-Maruyama,4,0.989,174.231,0.0251985
Euler-Maruyama,4,0.99,173.372,0.0263871
Euler-Maruyama,4,0.991,174.769,0.026996
Euler-Maruyama,4,0.992,175.005,0.0263857
Euler-Maruyama,4,0.993,174.953,0.0246075
Euler-Maruyama,4,0.994,174.142,0.0256325
Euler-Maruyama,4,0.995,174.27,0.0245115
Euler-Maruyama,4,0.996,174.392,0.0265238
Euler-Maruyama,4,0.997,176.242,0.0291334
Euler-Maruyama,4,0.998,176.56,0.0285912
Euler-Maruyama,4,0.999,175.894,0.0297262
Euler-Maruyama,4,1,176.389,0.0311167
